iteration,throughput (toks/s),system_name
0,1.6778331199747079,deepspeed-inference
1,1.6758737815684426,deepspeed-inference
2,1.674148409245201,deepspeed-inference
3,1.67306223321797,deepspeed-inference
4,1.6704806233247615,deepspeed-inference
5,1.6697903186252392,deepspeed-inference
6,1.6699133080267745,deepspeed-inference
7,1.6696783143124068,deepspeed-inference
8,1.6689171718294415,deepspeed-inference
9,1.6675099911488698,deepspeed-inference
10,1.6680851831028936,deepspeed-inference
11,1.6683787900012457,deepspeed-inference
12,1.6673406261058235,deepspeed-inference
13,1.6663714993521792,deepspeed-inference
14,1.6677137609017463,deepspeed-inference
15,1.668037640673307,deepspeed-inference
16,1.6666851443113988,deepspeed-inference
17,1.6657788540319796,deepspeed-inference
18,1.664974554808387,deepspeed-inference
19,1.6651059800457162,deepspeed-inference
20,1.6654720530498186,deepspeed-inference
21,1.665605100178581,deepspeed-inference
22,1.6651052088396356,deepspeed-inference
23,1.666192216339815,deepspeed-inference
24,1.6644013956307668,deepspeed-inference
25,1.665867288375917,deepspeed-inference
26,1.6643090443653956,deepspeed-inference
27,1.6642410257922788,deepspeed-inference
28,1.6660070161324971,deepspeed-inference
29,1.6651607375034325,deepspeed-inference
30,1.6646665083967818,deepspeed-inference
31,1.6628862160530236,deepspeed-inference
32,1.6644518133994004,deepspeed-inference
33,1.6644617211802748,deepspeed-inference
34,1.662914785032103,deepspeed-inference
35,1.6623958617243721,deepspeed-inference
36,1.6636189909061558,deepspeed-inference
37,1.6656849166099321,deepspeed-inference
38,1.663660232801678,deepspeed-inference
39,1.6638233507862126,deepspeed-inference
40,1.6638765937881947,deepspeed-inference
41,1.6645397766011403,deepspeed-inference
42,1.6651197517031437,deepspeed-inference
43,1.662258715343635,deepspeed-inference
44,1.6626639609483318,deepspeed-inference
45,1.6633948906993987,deepspeed-inference
46,1.6634144613238562,deepspeed-inference
47,1.6653001263574994,deepspeed-inference
48,1.6639223590915817,deepspeed-inference
49,1.6650685222899821,deepspeed-inference
50,1.6647335706462938,deepspeed-inference
51,1.6644282553718797,deepspeed-inference
52,1.6639636160299411,deepspeed-inference
53,1.662690325229814,deepspeed-inference
54,1.6640513075715457,deepspeed-inference
55,1.6626117841060444,deepspeed-inference
56,1.6652359935674301,deepspeed-inference
57,1.6640142273351854,deepspeed-inference
58,1.6618497165174666,deepspeed-inference
59,1.6613417669826118,deepspeed-inference
60,1.6617681823116264,deepspeed-inference
61,1.6630983091869807,deepspeed-inference
62,1.661858386170093,deepspeed-inference
63,1.6637216045274488,deepspeed-inference
64,1.6632106415559713,deepspeed-inference
65,1.6617244007571643,deepspeed-inference
66,1.6631054531617364,deepspeed-inference
67,1.6620796575376031,deepspeed-inference
68,1.6634341423600505,deepspeed-inference
69,1.6613077684934336,deepspeed-inference
70,1.6628386398934074,deepspeed-inference
71,1.660436127822146,deepspeed-inference
72,1.6630433575868242,deepspeed-inference
73,1.6618962483714246,deepspeed-inference
74,1.6631008370479552,deepspeed-inference
75,1.6618932851803991,deepspeed-inference
76,1.6627556902836533,deepspeed-inference
77,1.6610762867457778,deepspeed-inference
78,1.6607168558264507,deepspeed-inference
79,1.6606658969717414,deepspeed-inference
80,1.6606272141658578,deepspeed-inference
81,1.6622164450010304,deepspeed-inference
82,1.6616437565639877,deepspeed-inference
83,1.6595783153863164,deepspeed-inference
84,1.6623053799067449,deepspeed-inference
85,1.6607422816287796,deepspeed-inference
86,1.6611718981031642,deepspeed-inference
87,1.661643646849329,deepspeed-inference
88,1.6630575347520722,deepspeed-inference
89,1.6615557700611514,deepspeed-inference
90,1.663503964317769,deepspeed-inference
91,1.6616093068731128,deepspeed-inference
92,1.6618556425993516,deepspeed-inference
93,1.660050363876534,deepspeed-inference
94,1.6625816877958148,deepspeed-inference
95,1.6600826682885446,deepspeed-inference
96,1.6603468450946124,deepspeed-inference
97,1.662475041395363,deepspeed-inference
98,1.6615756265499801,deepspeed-inference
99,1.6609176531912893,deepspeed-inference
100,1.6615830865689787,deepspeed-inference
101,1.6606349944154601,deepspeed-inference
102,1.663005333205399,deepspeed-inference
103,1.6617699380110447,deepspeed-inference
104,1.6624312225871325,deepspeed-inference
105,1.661048877262771,deepspeed-inference
106,1.660405891123826,deepspeed-inference
107,1.6596849188218725,deepspeed-inference
108,1.6600279157882516,deepspeed-inference
109,1.6602283275223395,deepspeed-inference
110,1.6584888784382286,deepspeed-inference
111,1.661016206340762,deepspeed-inference
112,1.6607868882578125,deepspeed-inference
113,1.6618644220576106,deepspeed-inference
114,1.6610760674663245,deepspeed-inference
115,1.6615894495792944,deepspeed-inference
116,1.6610273888606761,deepspeed-inference
117,1.660826784177066,deepspeed-inference
118,1.6602310657226123,deepspeed-inference
119,1.6600466407369694,deepspeed-inference
120,1.6603942787715003,deepspeed-inference
121,1.6610637879093302,deepspeed-inference
122,1.6599003564727892,deepspeed-inference
123,1.660344216055534,deepspeed-inference
124,1.659806205090983,deepspeed-inference
125,1.6624803129866015,deepspeed-inference
126,1.661187030267137,deepspeed-inference
127,1.662145633270621,deepspeed-inference
128,1.6619252223515777,deepspeed-inference
129,1.6619127107362122,deepspeed-inference
130,1.6605381300254132,deepspeed-inference
131,1.6618870295896015,deepspeed-inference
132,1.6594590320906382,deepspeed-inference
133,1.6608367584563783,deepspeed-inference
134,1.6612447104637362,deepspeed-inference
135,1.662461533095411,deepspeed-inference
136,1.6605653035102534,deepspeed-inference
137,1.6610102862441172,deepspeed-inference
138,1.659391081109488,deepspeed-inference
139,1.6606231596984808,deepspeed-inference
140,1.6614914865626613,deepspeed-inference
141,1.6605432797707713,deepspeed-inference
142,1.6603573613341855,deepspeed-inference
143,1.6621005145242949,deepspeed-inference
144,1.660810124109567,deepspeed-inference
145,1.6624414357871065,deepspeed-inference
146,1.6593806865226237,deepspeed-inference
147,1.6603732454902698,deepspeed-inference
148,1.6612000792385966,deepspeed-inference
149,1.6595327887289726,deepspeed-inference
150,1.6605992716169755,deepspeed-inference
151,1.6614341182893118,deepspeed-inference
152,1.660267539411673,deepspeed-inference
153,1.6601865984678756,deepspeed-inference
154,1.661599433021281,deepspeed-inference
155,1.6596284413740363,deepspeed-inference
156,1.6601904317580831,deepspeed-inference
157,1.6606858417854076,deepspeed-inference
158,1.6608835624439433,deepspeed-inference
159,1.6611596171292726,deepspeed-inference
160,1.659958823287685,deepspeed-inference
161,1.6625298456120892,deepspeed-inference
162,1.6604259392464336,deepspeed-inference
163,1.660413669299709,deepspeed-inference
164,1.659876270218877,deepspeed-inference
165,1.6600509113984672,deepspeed-inference
166,1.661610074844285,deepspeed-inference
167,1.6594248917716519,deepspeed-inference
168,1.66008978637887,deepspeed-inference
169,1.6597745682452028,deepspeed-inference
170,1.661841156696023,deepspeed-inference
171,1.6611727753225336,deepspeed-inference
172,1.6604986862266324,deepspeed-inference
173,1.65955883492431,deepspeed-inference
174,1.6613644699744199,deepspeed-inference
175,1.6612564443780504,deepspeed-inference
176,1.6583205759182174,deepspeed-inference
177,1.6600122572373406,deepspeed-inference
178,1.6582581815213024,deepspeed-inference
179,1.661400335385243,deepspeed-inference
0,17.180221034926795,exflow
1,18.13139880440435,exflow
2,17.620072151360322,exflow
3,13.127207025812128,exflow
4,16.16172109469036,exflow
5,12.451660602051353,exflow
6,12.463477609933411,exflow
7,13.286042588911679,exflow
8,17.958976518149285,exflow
9,17.172615471224958,exflow
10,16.061061306857862,exflow
11,15.205814213269896,exflow
12,11.156777403976278,exflow
13,12.558308703461332,exflow
14,14.0928656678597,exflow
15,17.47205941902531,exflow
16,14.673432220029557,exflow
17,11.234263896338348,exflow
18,11.474903886862474,exflow
19,15.003566844842473,exflow
20,15.572383299513831,exflow
21,15.225729399881477,exflow
22,12.99961632629131,exflow
23,11.699277285875134,exflow
24,16.756845261776768,exflow
25,13.307588368760685,exflow
26,19.24023183089487,exflow
27,13.337965914172614,exflow
28,18.393075250356713,exflow
29,13.235729619701525,exflow
30,16.171571770366057,exflow
31,12.193361534050537,exflow
32,14.68939084509971,exflow
33,12.388474886653967,exflow
34,13.548423462527708,exflow
35,15.278205092790884,exflow
36,11.732982109128546,exflow
37,15.001628277605386,exflow
38,17.987077817384424,exflow
39,18.7370279274205,exflow
40,14.492975686547329,exflow
41,15.897325527590416,exflow
42,15.49874517546912,exflow
43,11.617656135562736,exflow
44,12.26089940118929,exflow
45,11.370819587171207,exflow
46,14.85946354162669,exflow
47,11.766609359022494,exflow
48,14.710350466350775,exflow
49,13.030752916224815,exflow
50,14.384864405728493,exflow
51,12.040271991675189,exflow
52,11.486986045240993,exflow
53,15.660911452004907,exflow
54,12.520290203510864,exflow
55,11.167120706676105,exflow
56,13.593526095987732,exflow
57,16.5967320709722,exflow
58,12.108187794658305,exflow
59,13.447243672481504,exflow
60,12.306256584016792,exflow
61,17.100384771540835,exflow
62,17.615665914592544,exflow
63,18.345375653279742,exflow
64,13.828131812700748,exflow
65,11.645087943216959,exflow
66,12.431310613158702,exflow
67,16.305843945580502,exflow
68,16.113836219247286,exflow
69,17.462923901373273,exflow
70,18.37206092695748,exflow
71,11.71017872735255,exflow
72,13.99629651155192,exflow
73,16.724383671980213,exflow
74,17.179728447664555,exflow
75,12.490665313989858,exflow
76,11.657242435605282,exflow
77,12.828222899450466,exflow
78,13.552242953360594,exflow
79,13.528392769091766,exflow
80,11.457349177632608,exflow
81,12.451905502211236,exflow
82,16.214058510442953,exflow
83,18.591858894147524,exflow
84,12.76728759193706,exflow
85,18.131313893632512,exflow
86,13.390246802927189,exflow
87,13.46498462867033,exflow
88,11.816122457316155,exflow
89,12.151003076761139,exflow
90,15.33338136599717,exflow
91,11.841452077273944,exflow
92,17.082108867133172,exflow
93,12.472882467314584,exflow
94,13.032998456055852,exflow
95,11.541299611431176,exflow
96,12.310220609393447,exflow
97,14.282462558713172,exflow
98,12.232807519685657,exflow
99,12.436839762385809,exflow
100,11.947653756319756,exflow
101,11.525640504533104,exflow
102,12.951452043627441,exflow
103,16.325047553698905,exflow
104,13.62064880118942,exflow
105,13.2594925229106,exflow
106,17.969588012574373,exflow
107,13.285604213877233,exflow
108,15.908269216120653,exflow
109,12.392011513631072,exflow
110,16.31201103852383,exflow
111,12.451922445345877,exflow
112,17.15140535199696,exflow
113,16.626807131553445,exflow
114,16.193382486720846,exflow
115,14.751100691209901,exflow
116,16.61347908793567,exflow
117,17.863057687659776,exflow
118,12.916191724105012,exflow
119,14.296115605859368,exflow
120,15.204787553810137,exflow
121,17.567489515871475,exflow
122,16.532100063064956,exflow
123,16.866928380903296,exflow
124,12.060327458439298,exflow
125,13.482777875627924,exflow
126,11.701249200549311,exflow
127,13.274347892308025,exflow
128,14.094535025088879,exflow
129,16.02496412171633,exflow
130,12.446027478286931,exflow
131,15.508379812528222,exflow
132,12.647453536327571,exflow
133,15.29130625192825,exflow
134,12.853264349000796,exflow
135,15.624919829059722,exflow
136,11.585335006741394,exflow
137,13.23693749953154,exflow
138,12.216718905002283,exflow
139,18.609009342097114,exflow
140,16.870320487047938,exflow
141,12.487005553843703,exflow
142,13.301504146574446,exflow
143,17.86440181058817,exflow
144,15.491351227571672,exflow
145,10.871192466832124,exflow
146,12.375462128342592,exflow
147,12.02610341202332,exflow
148,13.966259531944448,exflow
149,13.149567976507639,exflow
150,14.519838489755454,exflow
151,15.710881793922308,exflow
152,15.788505572614161,exflow
153,15.558363436168285,exflow
154,14.530309484303492,exflow
155,14.256665969860588,exflow
156,16.476047580272272,exflow
157,14.477122193064066,exflow
158,15.313973490015739,exflow
159,14.685284924734178,exflow
160,13.257101918042027,exflow
161,15.559383085869031,exflow
162,16.587750711374678,exflow
163,12.24011830673126,exflow
164,12.421137551882094,exflow
165,17.08576208218821,exflow
166,14.813876200607988,exflow
167,15.373147963613292,exflow
168,17.436374904775153,exflow
169,16.63926264660742,exflow
170,14.048526257923669,exflow
171,13.065789273865214,exflow
172,12.823371045073069,exflow
173,12.42481094009144,exflow
174,12.758122485625718,exflow
175,11.084168876417436,exflow
176,11.738463104639036,exflow
177,14.446333756500708,exflow
178,12.134327159968494,exflow
179,13.153275856819793,exflow
0,29.300463709918024,fastermoe
1,34.32917277109814,fastermoe
2,29.942462738976367,fastermoe
3,20.483946593714244,fastermoe
4,27.757293496055347,fastermoe
5,20.097179639065196,fastermoe
6,19.8805853066627,fastermoe
7,21.66754473385696,fastermoe
8,31.983366398039756,fastermoe
9,30.8071339469667,fastermoe
10,26.2331936238696,fastermoe
11,24.375597595452422,fastermoe
12,17.168594133294945,fastermoe
13,19.046541593552618,fastermoe
14,23.15728286042201,fastermoe
15,29.210804800095644,fastermoe
16,23.930797423850564,fastermoe
17,17.419471930061366,fastermoe
18,17.79560194666833,fastermoe
19,24.959644853686125,fastermoe
20,25.88762935354282,fastermoe
21,25.48090816997584,fastermoe
22,19.713657243484093,fastermoe
23,17.83113725487417,fastermoe
24,28.84070686928419,fastermoe
25,21.36629343030277,fastermoe
26,35.53020762924987,fastermoe
27,21.261949369238224,fastermoe
28,31.985083860389967,fastermoe
29,20.64010019122121,fastermoe
30,27.57999017498446,fastermoe
31,18.776573736302048,fastermoe
32,24.632180133497837,fastermoe
33,19.121466343920964,fastermoe
34,21.237761892525167,fastermoe
35,24.898692156525676,fastermoe
36,18.09124330541677,fastermoe
37,24.017717079315997,fastermoe
38,30.057062357255276,fastermoe
39,34.03346435528881,fastermoe
40,23.580832451560266,fastermoe
41,26.944930391419447,fastermoe
42,25.515882774757593,fastermoe
43,18.248008528752177,fastermoe
44,18.951492282311136,fastermoe
45,17.196457024017025,fastermoe
46,23.637189243716897,fastermoe
47,18.24554443385926,fastermoe
48,23.05768837406931,fastermoe
49,19.450134529234628,fastermoe
50,22.39243175714995,fastermoe
51,18.589119128788685,fastermoe
52,17.113298362100505,fastermoe
53,26.774082919274235,fastermoe
54,20.075716437895554,fastermoe
55,17.355429488850543,fastermoe
56,21.1934953721541,fastermoe
57,27.856836158129553,fastermoe
58,18.309987802229504,fastermoe
59,20.59029918979232,fastermoe
60,19.922666327838055,fastermoe
61,29.853078197616398,fastermoe
62,30.79652138584092,fastermoe
63,32.3008883576534,fastermoe
64,21.41858841102087,fastermoe
65,17.573120186360452,fastermoe
66,19.043504071631197,fastermoe
67,25.956551403686195,fastermoe
68,25.326125712698527,fastermoe
69,31.94319590317968,fastermoe
70,34.55090307872584,fastermoe
71,17.258435843016812,fastermoe
72,20.83992455970735,fastermoe
73,27.35443898605475,fastermoe
74,28.399873832627357,fastermoe
75,19.89074399340343,fastermoe
76,17.572494378068235,fastermoe
77,19.82481940429018,fastermoe
78,21.33434611289327,fastermoe
79,20.924709680718426,fastermoe
80,17.186357285942016,fastermoe
81,19.005029956580234,fastermoe
82,26.856938259878927,fastermoe
83,32.05090278317284,fastermoe
84,17.71465175113436,fastermoe
85,30.994254889071236,fastermoe
86,21.569697132027038,fastermoe
87,21.01380151980798,fastermoe
88,17.41952618917339,fastermoe
89,18.232434740036922,fastermoe
90,24.350460989013378,fastermoe
91,17.616393454672348,fastermoe
92,30.618924284671845,fastermoe
93,19.379554219391085,fastermoe
94,17.712497881907293,fastermoe
95,17.435550418631767,fastermoe
96,19.013674059707707,fastermoe
97,23.229124759576276,fastermoe
98,19.32651174220898,fastermoe
99,19.199685063759713,fastermoe
100,18.03072071980092,fastermoe
101,17.415909654769358,fastermoe
102,19.79300334539174,fastermoe
103,28.88187424774305,fastermoe
104,21.514041374169203,fastermoe
105,20.51974782695729,fastermoe
106,31.33324929100962,fastermoe
107,17.731667322819042,fastermoe
108,25.237859159506016,fastermoe
109,18.71128279804261,fastermoe
110,27.792385036446976,fastermoe
111,19.495760014393774,fastermoe
112,29.954517996820748,fastermoe
113,28.12997040385837,fastermoe
114,28.480047078528344,fastermoe
115,24.031736323236085,fastermoe
116,27.836668867865047,fastermoe
117,29.384849228782432,fastermoe
118,17.599792152316265,fastermoe
119,23.181045498623714,fastermoe
120,24.754691888443755,fastermoe
121,29.15625893362722,fastermoe
122,29.180177492923328,fastermoe
123,27.901348983003352,fastermoe
124,18.802003787921237,fastermoe
125,20.039236280460493,fastermoe
126,17.92075107314475,fastermoe
127,21.204249895256627,fastermoe
128,22.198735467702956,fastermoe
129,26.8358311930597,fastermoe
130,19.919063102538853,fastermoe
131,25.083356195667694,fastermoe
132,19.084225297960863,fastermoe
133,23.961677805252638,fastermoe
134,19.62219562957486,fastermoe
135,26.495277541183988,fastermoe
136,17.38259079844194,fastermoe
137,20.87882670892351,fastermoe
138,18.932302027472947,fastermoe
139,32.33348719021046,fastermoe
140,28.62074910779883,fastermoe
141,18.839899226870735,fastermoe
142,21.066759307703578,fastermoe
143,33.153768705197685,fastermoe
144,25.250482555387574,fastermoe
145,16.87203967498,fastermoe
146,19.01902671721111,fastermoe
147,18.01786943253803,fastermoe
148,21.615889671095353,fastermoe
149,17.660912116066253,fastermoe
150,23.197338454125223,fastermoe
151,25.9139066573854,fastermoe
152,26.77540042090211,fastermoe
153,25.433261098768828,fastermoe
154,23.099461657434222,fastermoe
155,21.99522352629617,fastermoe
156,27.532926014727146,fastermoe
157,23.094639034764715,fastermoe
158,25.322309542394617,fastermoe
159,23.432678647373944,fastermoe
160,20.75058677340796,fastermoe
161,25.21695768594768,fastermoe
162,27.09743775276834,fastermoe
163,18.14468733704158,fastermoe
164,19.13680657724916,fastermoe
165,29.576700927818877,fastermoe
166,24.1311641407204,fastermoe
167,24.491696185420356,fastermoe
168,29.109254739569476,fastermoe
169,28.515205817750008,fastermoe
170,22.523244878904045,fastermoe
171,17.56896430454504,fastermoe
172,19.538933534474626,fastermoe
173,18.86758038795543,fastermoe
174,19.620845520430468,fastermoe
175,17.25665180487765,fastermoe
176,18.285202767285636,fastermoe
177,22.939886521241142,fastermoe
178,17.93645187402701,fastermoe
179,20.25640965788193,fastermoe
0,29.315746402924837,fastmoe
1,34.464867426220174,fastmoe
2,30.06343577443664,fastmoe
3,20.50891994713411,fastmoe
4,27.762621636760635,fastmoe
5,20.195584602504482,fastmoe
6,19.84456767326021,fastmoe
7,21.67972432804962,fastmoe
8,32.05659813755543,fastmoe
9,30.94307380139476,fastmoe
10,26.396037734661636,fastmoe
11,24.447946716587488,fastmoe
12,17.269417422429125,fastmoe
13,18.95146730687118,fastmoe
14,23.267638423584746,fastmoe
15,29.26810784941694,fastmoe
16,24.047816942525067,fastmoe
17,17.46088532428205,fastmoe
18,17.846887020458183,fastmoe
19,25.09218471091963,fastmoe
20,26.001566345476295,fastmoe
21,25.592261454551835,fastmoe
22,19.88466167650299,fastmoe
23,17.917637811421347,fastmoe
24,28.969505600606883,fastmoe
25,21.40495700117568,fastmoe
26,35.44233907553661,fastmoe
27,21.317778457804735,fastmoe
28,32.095335265069586,fastmoe
29,20.73458417870789,fastmoe
30,27.72560427774494,fastmoe
31,18.959494947345146,fastmoe
32,24.678884921611683,fastmoe
33,19.171649589678044,fastmoe
34,21.23599664150609,fastmoe
35,25.064020215888114,fastmoe
36,18.11068131785886,fastmoe
37,24.034823327388892,fastmoe
38,30.043409006460045,fastmoe
39,34.29023179383205,fastmoe
40,23.70368584249174,fastmoe
41,27.070897828321375,fastmoe
42,25.60606914684165,fastmoe
43,18.307819925770822,fastmoe
44,18.968229914704175,fastmoe
45,17.214213145885935,fastmoe
46,23.691602206876034,fastmoe
47,18.318111079892446,fastmoe
48,23.12649498268442,fastmoe
49,19.579110749252823,fastmoe
50,22.44018824530206,fastmoe
51,18.60397778684598,fastmoe
52,17.211034466250567,fastmoe
53,27.004390953691104,fastmoe
54,20.169828159332017,fastmoe
55,17.412740394678167,fastmoe
56,21.191023687024764,fastmoe
57,27.96625267818248,fastmoe
58,18.37127633849419,fastmoe
59,20.598852428153982,fastmoe
60,19.999915759123546,fastmoe
61,29.956942694417645,fastmoe
62,30.88183559596371,fastmoe
63,32.42208004699856,fastmoe
64,21.468836655782596,fastmoe
65,17.540255100769524,fastmoe
66,19.094944444180985,fastmoe
67,26.01725829050034,fastmoe
68,25.358517031291527,fastmoe
69,31.809189034436603,fastmoe
70,34.601972103460156,fastmoe
71,17.29707081480351,fastmoe
72,20.92393113412682,fastmoe
73,27.268424003879108,fastmoe
74,28.280830180664367,fastmoe
75,19.916194069893145,fastmoe
76,17.609228571008735,fastmoe
77,19.883165242536652,fastmoe
78,21.416164185499692,fastmoe
79,21.013503228324925,fastmoe
80,17.296101940910987,fastmoe
81,18.94050231517763,fastmoe
82,27.08849056710398,fastmoe
83,32.28000658021107,fastmoe
84,17.691504085380416,fastmoe
85,31.12728217259213,fastmoe
86,21.640081294905567,fastmoe
87,21.02872689913519,fastmoe
88,17.483484674749402,fastmoe
89,18.209710164668927,fastmoe
90,24.397438861768045,fastmoe
91,17.70238388752443,fastmoe
92,30.662311660343622,fastmoe
93,19.42635575737342,fastmoe
94,17.63228792551872,fastmoe
95,17.481268251749807,fastmoe
96,19.071079028524597,fastmoe
97,23.152079295000178,fastmoe
98,19.3331113152039,fastmoe
99,19.252566622008143,fastmoe
100,17.94418304677831,fastmoe
101,17.466229649281402,fastmoe
102,19.873288931497243,fastmoe
103,29.057032879326048,fastmoe
104,21.549075631439383,fastmoe
105,20.617065398360644,fastmoe
106,31.414811102241156,fastmoe
107,17.771003071956084,fastmoe
108,25.367335773551144,fastmoe
109,18.847112719119064,fastmoe
110,28.007694768970516,fastmoe
111,19.563787305488468,fastmoe
112,30.015181829512432,fastmoe
113,28.033301335311698,fastmoe
114,28.56933129065235,fastmoe
115,24.109906533460563,fastmoe
116,27.96010052640818,fastmoe
117,29.42198650070162,fastmoe
118,17.756041460216373,fastmoe
119,23.251112337353216,fastmoe
120,24.749445516000193,fastmoe
121,29.136840252792744,fastmoe
122,29.23236793593599,fastmoe
123,28.02333549732693,fastmoe
124,18.86765111620263,fastmoe
125,20.092807126345605,fastmoe
126,17.984661190689945,fastmoe
127,21.255762686525564,fastmoe
128,22.259112260663226,fastmoe
129,26.641306117004596,fastmoe
130,19.9675435885575,fastmoe
131,25.113142904472145,fastmoe
132,19.067210188747076,fastmoe
133,23.95070874265037,fastmoe
134,19.709592790746623,fastmoe
135,26.413089716025286,fastmoe
136,17.414315842719937,fastmoe
137,20.93611615524331,fastmoe
138,18.949476619265035,fastmoe
139,32.816434151185376,fastmoe
140,28.769597253116437,fastmoe
141,18.914188277006936,fastmoe
142,21.15283060617287,fastmoe
143,33.285265155773644,fastmoe
144,25.339048067350426,fastmoe
145,16.907119031223232,fastmoe
146,19.05450933121733,fastmoe
147,18.035162578101737,fastmoe
148,21.650106504884775,fastmoe
149,17.689620068714174,fastmoe
150,23.246596607392018,fastmoe
151,25.965784376517856,fastmoe
152,26.904565153768747,fastmoe
153,25.518360145408828,fastmoe
154,23.153884566046788,fastmoe
155,22.073081742940122,fastmoe
156,27.569566233125286,fastmoe
157,22.984859624783198,fastmoe
158,25.459647426031978,fastmoe
159,23.48918368542232,fastmoe
160,20.85986755889104,fastmoe
161,25.161634587841124,fastmoe
162,27.04305846815466,fastmoe
163,18.090358977455544,fastmoe
164,19.176762776580883,fastmoe
165,29.598207347089513,fastmoe
166,24.15215793161031,fastmoe
167,24.513453588025282,fastmoe
168,28.94388359798705,fastmoe
169,28.435051649481245,fastmoe
170,22.67753182094663,fastmoe
171,17.647298400329863,fastmoe
172,19.6135894772037,fastmoe
173,18.878531896191355,fastmoe
174,19.733675848230142,fastmoe
175,17.260566521050052,fastmoe
176,18.28473445407977,fastmoe
177,23.01350335852177,fastmoe
178,18.04983463227759,fastmoe
179,20.31004715182403,fastmoe
0,30.038900609550236,harmony
1,31.072740273765152,harmony
2,30.895292220808784,harmony
3,28.652572568301583,harmony
4,29.898893604887743,harmony
5,29.102223489142894,harmony
6,29.82107121047374,harmony
7,29.685138678412446,harmony
8,30.719380090634615,harmony
9,29.875782132368293,harmony
10,30.073943223697317,harmony
11,30.026629565634476,harmony
12,28.057672153518883,harmony
13,29.680597136606107,harmony
14,29.252158587364026,harmony
15,30.16639853134666,harmony
16,29.24523868908573,harmony
17,28.572719942121275,harmony
18,28.908488575080884,harmony
19,29.62554308620965,harmony
20,29.785345925411324,harmony
21,29.64464978305611,harmony
22,29.503408692031876,harmony
23,28.04333090430025,harmony
24,29.860964178547054,harmony
25,29.459188664583067,harmony
26,31.487819494931237,harmony
27,28.85074687662593,harmony
28,30.37875813916432,harmony
29,28.64488389807795,harmony
30,30.56038290001282,harmony
31,29.65903094145741,harmony
32,29.05900931320713,harmony
33,28.320389731620622,harmony
34,29.071472804110364,harmony
35,30.42672331566673,harmony
36,28.976571909024287,harmony
37,29.15797439672744,harmony
38,29.706651917115224,harmony
39,31.092579827820362,harmony
40,29.375309527155004,harmony
41,29.331548225466292,harmony
42,29.71292362488603,harmony
43,29.464969271496194,harmony
44,28.811295627243386,harmony
45,28.854675095810343,harmony
46,29.810929496913356,harmony
47,29.16497557864567,harmony
48,30.589783609665446,harmony
49,29.28471558667662,harmony
50,30.267146251626052,harmony
51,29.621897946398068,harmony
52,28.88047283411884,harmony
53,29.886203159926072,harmony
54,28.49129904260015,harmony
55,28.3694164115829,harmony
56,29.41733168683301,harmony
57,29.92089910160359,harmony
58,28.897105909370165,harmony
59,29.905271188495078,harmony
60,28.764479745294384,harmony
61,30.364325589266112,harmony
62,30.422505993786952,harmony
63,30.041519416635836,harmony
64,28.86291749424834,harmony
65,27.535332273916982,harmony
66,28.302126838986702,harmony
67,29.47211112372908,harmony
68,29.523175271029626,harmony
69,30.697076493475485,harmony
70,30.595289973467448,harmony
71,29.229936038015676,harmony
72,29.87637400368664,harmony
73,30.12031566499487,harmony
74,30.371456532709853,harmony
75,29.488341157159788,harmony
76,28.26162441815924,harmony
77,28.909695520095237,harmony
78,30.16491714901872,harmony
79,29.6953756446377,harmony
80,27.896743443823492,harmony
81,29.67678751481294,harmony
82,30.82812847521906,harmony
83,30.604924484570667,harmony
84,30.090962245538517,harmony
85,29.954738610240565,harmony
86,28.983178516468886,harmony
87,29.043182322842586,harmony
88,28.05997742257643,harmony
89,29.155534804873067,harmony
90,29.07956232445154,harmony
91,27.81416060114032,harmony
92,30.222531396394505,harmony
93,29.881185213572163,harmony
94,30.189528533864806,harmony
95,29.27574843151683,harmony
96,29.719960251666617,harmony
97,29.09935368725427,harmony
98,29.32473914916761,harmony
99,28.829915227187097,harmony
100,29.502031696867025,harmony
101,27.92983559157546,harmony
102,28.947158786760948,harmony
103,30.155803804214628,harmony
104,29.069117968428003,harmony
105,29.070588121901437,harmony
106,30.635226770403857,harmony
107,30.01067742615291,harmony
108,29.870774332405713,harmony
109,29.00783151226251,harmony
110,29.648271053373424,harmony
111,28.64348908728331,harmony
112,30.547241867226266,harmony
113,30.517521534520867,harmony
114,30.126650569568014,harmony
115,29.46526898068977,harmony
116,29.976788478373052,harmony
117,30.01671678980145,harmony
118,29.97885965459251,harmony
119,29.08742310658013,harmony
120,29.484040978282483,harmony
121,30.32233056501016,harmony
122,30.34002745161156,harmony
123,30.129158449461684,harmony
124,28.310918432610546,harmony
125,29.42891394791222,harmony
126,28.939845773727054,harmony
127,29.06092728777481,harmony
128,29.879434596371656,harmony
129,29.739231800319384,harmony
130,28.19624247512383,harmony
131,30.004138548798515,harmony
132,29.711484251967917,harmony
133,30.131069226940458,harmony
134,28.94446720982251,harmony
135,30.131700569519435,harmony
136,28.033598975662553,harmony
137,29.090309470690237,harmony
138,30.017354538123676,harmony
139,30.69651367283874,harmony
140,30.43714001695592,harmony
141,29.765559099451295,harmony
142,29.752969472874508,harmony
143,30.945192666020432,harmony
144,29.329217296314784,harmony
145,27.696506604961,harmony
146,29.072166524977227,harmony
147,28.158639478170304,harmony
148,29.130876799539987,harmony
149,30.0337584532912,harmony
150,29.52210703693614,harmony
151,30.272538202002128,harmony
152,30.823541957138197,harmony
153,30.08587193868493,harmony
154,29.416300110369612,harmony
155,28.80253360146815,harmony
156,30.823625722309384,harmony
157,30.55918958565626,harmony
158,30.538088313344627,harmony
159,30.39153321902665,harmony
160,28.779647457288398,harmony
161,30.111498336009802,harmony
162,30.036321469272877,harmony
163,28.631686012900904,harmony
164,29.017893084845372,harmony
165,29.705174801195827,harmony
166,30.073372698156955,harmony
167,29.770296163122335,harmony
168,30.338935864117303,harmony
169,30.156795296820395,harmony
170,29.078752749830567,harmony
171,30.053825068192495,harmony
172,29.75217363161773,harmony
173,29.599222347504472,harmony
174,29.279152386693795,harmony
175,27.900333024028846,harmony
176,28.369173559279762,harmony
177,29.630569292449824,harmony
178,29.19438977664275,harmony
179,29.71828769547517,harmony
