,policy,seconds,avg_gpu_util,avg_gpu_mem_used,cpu_util,cpu_mem_used
0,deepspeed_policy,0.0,1.75,18966183936.0,13.5,76491128832
1,deepspeed_policy,1.003953218460083,65.625,18966183936.0,10.4,76489433088
2,deepspeed_policy,2.00771164894104,76.125,18966183936.0,11.2,76490330112
3,deepspeed_policy,3.0162570476531982,75.875,18966183936.0,12.0,76488101888
4,deepspeed_policy,4.102831840515137,86.5,18966183936.0,11.6,76487327744
5,deepspeed_policy,5.10816216468811,30.125,18966183936.0,11.7,76487843840
6,deepspeed_policy,6.111835479736328,88.5,18966183936.0,10.6,76496875520
7,deepspeed_policy,7.145760774612427,77.125,18966183936.0,12.3,76509003776
8,deepspeed_policy,8.18335223197937,78.25,18966183936.0,12.6,76499365888
9,deepspeed_policy,9.19039249420166,62.75,19431227392.0,11.8,76501344256
10,deepspeed_policy,10.197673797607422,0.0,19431227392.0,11.0,76497592320
11,deepspeed_policy,11.202281713485718,93.375,19431227392.0,12.2,76500664320
12,deepspeed_policy,12.224981784820557,88.125,19431227392.0,12.1,76498272256
13,deepspeed_policy,13.228790760040283,100.0,18262589440.0,11.0,76498272256
14,deepspeed_policy,14.232280015945435,63.25,18264424448.0,11.4,76496289792
15,deepspeed_policy,15.243870258331299,0.0,18264424448.0,11.5,76493307904
16,deepspeed_policy,16.24770164489746,88.75,18265210880.0,11.2,76494999552
17,deepspeed_policy,17.330330848693848,93.625,18265473024.0,12.0,76494413824
18,deepspeed_policy,18.380834102630615,91.125,18265735168.0,11.8,76503416832
19,deepspeed_policy,19.44510579109192,63.875,18265735168.0,12.4,76490170368
20,deepspeed_policy,20.451984643936157,1.75,18265735168.0,10.4,76490010624
21,deepspeed_policy,21.456708669662476,71.0,18265735168.0,12.0,76489494528
22,deepspeed_policy,22.469568967819214,74.125,18265997312.0,12.0,76489752576
23,deepspeed_policy,23.473082780838013,95.125,18265997312.0,11.6,76491300864
24,deepspeed_policy,24.47658085823059,59.375,18265997312.0,11.6,76490858496
25,deepspeed_policy,25.48011612892151,51.625,18265997312.0,10.4,76493660160
26,deepspeed_policy,26.495669841766357,89.125,18265997312.0,12.2,76493672448
27,deepspeed_policy,27.545787572860718,92.5,18266259456.0,12.1,76493930496
28,deepspeed_policy,28.560628652572632,90.25,18266259456.0,11.6,76493930496
29,deepspeed_policy,29.590211153030396,0.0,18266259456.0,12.0,76500537344
30,deepspeed_policy,30.593899726867676,76.625,18266259456.0,11.2,76498198528
31,deepspeed_policy,31.692989826202393,92.125,18266259456.0,12.2,76498685952
32,deepspeed_policy,32.70004320144653,89.625,18266259456.0,12.1,76498640896
33,deepspeed_policy,33.703707456588745,61.5,18266259456.0,11.7,76498382848
34,deepspeed_policy,34.71459102630615,0.0,18266259456.0,11.0,76498075648
35,deepspeed_policy,35.718302965164185,88.75,18266259456.0,11.5,76498583552
36,deepspeed_policy,36.72206735610962,92.5,18266259456.0,12.1,76498714624
37,deepspeed_policy,37.73301577568054,97.75,18266259456.0,11.8,76498714624
38,deepspeed_policy,38.74011492729187,62.0,18266259456.0,11.9,76498169856
39,deepspeed_policy,39.746673822402954,0.0,18266259456.0,11.0,76499972096
40,deepspeed_policy,40.75046467781067,71.25,18266259456.0,12.0,76500066304
41,deepspeed_policy,41.839821338653564,75.125,18266259456.0,12.2,76501590016
42,deepspeed_policy,42.84717774391174,94.75,18266259456.0,11.8,76501790720
43,deepspeed_policy,43.87263083457947,54.5,18266259456.0,12.2,76501266432
44,deepspeed_policy,44.88229823112488,54.25,18266259456.0,10.7,76502228992
45,deepspeed_policy,45.93493723869324,88.125,18266259456.0,12.8,76508000256
46,deepspeed_policy,47.002739667892456,82.25,18266259456.0,11.9,76507992064
47,deepspeed_policy,48.03254985809326,77.625,18266259456.0,11.8,76504879104
48,deepspeed_policy,49.05583953857422,0.0,18266259456.0,11.4,76504588288
49,deepspeed_policy,50.05948209762573,94.625,18266259456.0,11.0,76521734144
50,deepspeed_policy,51.073344707489014,83.125,18266259456.0,12.2,76499750912
51,deepspeed_policy,52.10713982582092,85.375,18266259456.0,12.0,76499734528
52,deepspeed_policy,53.11061978340149,79.5,18266259456.0,11.6,76499218432
53,deepspeed_policy,54.11418414115906,0.0,18266259456.0,11.3,76498952192
54,deepspeed_policy,55.11781883239746,82.25,18266259456.0,10.7,76498915328
55,deepspeed_policy,56.12642955780029,89.75,18266259456.0,12.2,76498767872
56,deepspeed_policy,57.13229751586914,91.25,18266259456.0,12.0,76498767872
57,deepspeed_policy,58.13581705093384,92.125,19466354688.0,11.5,76516257792
58,deepspeed_policy,59.16140174865723,0.0,19466354688.0,11.6,76515741696
59,deepspeed_policy,60.165055990219116,76.625,19466354688.0,10.6,76522450944
60,deepspeed_policy,61.167792320251465,90.0,19466354688.0,12.2,76526407680
61,deepspeed_policy,62.18097496032715,89.375,19466354688.0,12.1,76529389568
62,deepspeed_policy,63.1883020401001,85.5,19466354688.0,11.8,76527562752
63,deepspeed_policy,64.19195580482483,4.625,19466354688.0,11.6,76527476736
64,deepspeed_policy,65.1957528591156,86.875,19466354688.0,10.8,76527218688
65,deepspeed_policy,66.20062708854675,73.0,19466354688.0,11.9,76527476736
66,deepspeed_policy,67.224116563797,73.375,19466354688.0,12.1,76527124480
67,deepspeed_policy,68.25222158432007,64.125,19466354688.0,11.6,76527124480
68,deepspeed_policy,69.28018951416016,0.0,19466354688.0,11.0,76526850048
69,deepspeed_policy,70.28380703926086,88.0,19466354688.0,11.4,76526850048
70,deepspeed_policy,71.32890725135803,89.625,19466354688.0,12.5,76518526976
71,deepspeed_policy,72.35194158554077,99.75,19466354688.0,11.6,76519866368
72,deepspeed_policy,73.35538530349731,62.0,19466354688.0,11.9,76518572032
73,deepspeed_policy,74.36044883728027,0.0,19466354688.0,10.4,76518563840
74,deepspeed_policy,75.3641049861908,77.625,19466354688.0,12.3,76522115072
75,deepspeed_policy,76.4849443435669,82.625,19466354688.0,12.1,76522778624
76,deepspeed_policy,77.49464750289917,86.125,19466354688.0,11.8,76523036672
77,deepspeed_policy,78.504150390625,50.25,19466354688.0,12.0,76522668032
78,deepspeed_policy,79.50907921791077,54.875,19466354688.0,10.7,76521861120
79,deepspeed_policy,80.53439521789551,90.0,19466354688.0,12.1,76522094592
80,deepspeed_policy,81.56453204154968,88.875,19466354688.0,12.7,76535590912
81,deepspeed_policy,82.57136130332947,84.875,19466354688.0,11.8,76524056576
82,deepspeed_policy,83.57501268386841,2.5,19466354688.0,11.7,76521095168
83,deepspeed_policy,84.57893705368042,90.75,19466354688.0,10.7,76520566784
84,deepspeed_policy,85.58269953727722,70.5,19466354688.0,12.2,76520566784
85,deepspeed_policy,86.6005265712738,72.25,19466354688.0,12.0,76520685568
86,deepspeed_policy,87.60414600372314,74.875,19466354688.0,11.7,76520427520
87,deepspeed_policy,88.61396837234497,0.0,19466354688.0,11.0,76520685568
88,deepspeed_policy,89.61755967140198,79.75,19466354688.0,11.1,76520685568
89,deepspeed_policy,90.62469291687012,96.25,19466354688.0,12.1,76520427520
90,deepspeed_policy,91.62817788124084,98.75,19610796032.0,11.9,76520169472
91,deepspeed_policy,92.63290452957153,63.0,19610796032.0,12.2,76523814912
92,deepspeed_policy,93.6365897655487,0.0,19610796032.0,10.9,76522864640
93,deepspeed_policy,94.64041376113892,91.0,19610796032.0,11.6,76525256704
94,deepspeed_policy,95.65096187591553,91.375,19610796032.0,12.2,76527054848
95,deepspeed_policy,96.67454028129578,93.75,19610796032.0,11.7,76527226880
96,deepspeed_policy,97.69185066223145,59.125,19610796032.0,11.9,76526968832
97,deepspeed_policy,98.6953854560852,2.375,19610796032.0,10.4,76526886912
98,deepspeed_policy,99.69910883903503,74.5,19610796032.0,12.0,76527403008
99,deepspeed_policy,100.70427131652832,78.75,19610796032.0,12.1,76527403008
100,deepspeed_policy,101.70831537246704,90.75,20076363776.0,11.7,76527144960
101,deepspeed_policy,102.71730613708496,54.75,20076363776.0,12.0,76520411136
102,deepspeed_policy,103.72032737731934,56.625,20076363776.0,10.7,76519079936
103,deepspeed_policy,104.72902464866638,90.25,20076363776.0,12.2,76518797312
104,deepspeed_policy,105.7353835105896,92.5,20552941568.0,12.5,76522770432
105,deepspeed_policy,106.85100245475769,84.125,21019033600.0,11.5,76522999808
106,deepspeed_policy,107.860347032547,0.0,21019033600.0,11.3,76522483712
107,deepspeed_policy,108.8649251461029,78.125,21019033600.0,11.1,76523163648
108,deepspeed_policy,109.94627475738525,93.75,21019033600.0,11.9,76523163648
109,deepspeed_policy,110.96976590156555,99.5,21019033600.0,11.7,76522905600
110,deepspeed_policy,111.97777104377747,66.25,21019033600.0,11.8,76523134976
111,deepspeed_policy,112.98741054534912,0.0,21019033600.0,11.0,76534550528
112,deepspeed_policy,113.99118542671204,91.625,21019033600.0,11.8,76525371392
113,deepspeed_policy,115.01626253128052,84.25,21019033600.0,12.3,76526534656
114,deepspeed_policy,116.03052568435669,90.5,21019033600.0,11.8,76526784512
115,deepspeed_policy,117.04083013534546,58.375,21019033600.0,12.1,76526772224
116,deepspeed_policy,118.04926252365112,2.125,21019033600.0,10.8,76534710272
117,deepspeed_policy,119.0531108379364,82.5,21019033600.0,12.1,76535668736
118,deepspeed_policy,120.07870626449585,90.875,21019033600.0,12.1,76535668736
119,deepspeed_policy,121.17931365966797,77.0,21019033600.0,11.8,76535668736
120,deepspeed_policy,122.18285417556763,12.625,21019033600.0,11.7,76535152640
121,deepspeed_policy,123.18574929237366,92.125,21019033600.0,10.8,76534358016
122,deepspeed_policy,124.20291256904602,80.625,21019033600.0,12.7,76527599616
123,deepspeed_policy,125.23622751235962,79.375,21019033600.0,12.1,76527595520
124,deepspeed_policy,126.2764413356781,69.25,21019033600.0,11.8,76530094080
125,deepspeed_policy,127.28354024887085,0.0,21019033600.0,11.4,76529799168
126,deepspeed_policy,128.28732872009277,88.0,21019033600.0,11.3,76529737728
127,deepspeed_policy,129.3157331943512,90.625,21019033600.0,12.2,76529672192
128,deepspeed_policy,130.3862760066986,100.0,21019033600.0,11.8,76529414144
129,deepspeed_policy,131.39368963241577,64.5,21019033600.0,12.1,76529127424
130,deepspeed_policy,132.40448451042175,0.0,21019033600.0,10.5,76529127424
131,deepspeed_policy,133.40816068649292,85.0,21019033600.0,11.9,76529627136
132,deepspeed_policy,134.41583466529846,75.625,21019033600.0,12.5,76532465664
133,deepspeed_policy,135.44444704055786,92.875,21019033600.0,11.7,76532047872
134,deepspeed_policy,136.47232389450073,57.0,21019033600.0,12.3,76535508992
135,deepspeed_policy,137.5167875289917,65.875,21019033600.0,10.4,76535312384
136,deepspeed_policy,138.5207827091217,92.25,21019033600.0,12.4,76535312384
137,deepspeed_policy,139.56845593452454,89.375,21019295744.0,12.0,76535771136
138,deepspeed_policy,140.5823769569397,89.5,21019295744.0,11.7,76536029184
139,deepspeed_policy,141.58757209777832,3.125,21019295744.0,11.7,76536012800
140,deepspeed_policy,142.59101033210754,89.625,21019295744.0,10.8,76535980032
141,deepspeed_policy,143.59477710723877,71.25,21019295744.0,12.2,76535721984
142,deepspeed_policy,144.60861897468567,71.75,18620416000.0,12.3,76544483328
143,deepspeed_policy,145.6591453552246,92.625,19820249088.0,10.4,76518350848
144,deepspeed_policy,146.74565434455872,57.875,19821297664.0,11.9,76518608896
145,deepspeed_policy,147.75402760505676,35.75,19821297664.0,10.4,76518850560
146,deepspeed_policy,148.76042795181274,75.625,19822084096.0,12.1,76522053632
147,deepspeed_policy,149.76430916786194,74.5,19822346240.0,12.3,76522868736
148,deepspeed_policy,150.79422521591187,96.375,19822346240.0,11.9,76522819584
149,deepspeed_policy,151.80280685424805,67.25,19822346240.0,12.5,76521766912
150,deepspeed_policy,152.81803369522095,24.75,19822346240.0,10.6,76521762816
151,deepspeed_policy,153.84871697425842,87.75,19822346240.0,12.5,76521488384
152,deepspeed_policy,154.87434244155884,89.25,19822608384.0,12.2,76524318720
153,deepspeed_policy,155.8780038356781,74.5,19822608384.0,12.1,76522340352
154,deepspeed_policy,156.9053831100464,11.875,19822608384.0,11.5,76521824256
155,deepspeed_policy,157.90902638435364,92.875,19822608384.0,10.9,76524085248
156,deepspeed_policy,158.91982531547546,77.0,19822608384.0,12.4,76525060096
157,deepspeed_policy,159.99576783180237,72.75,19822608384.0,12.5,76525228032
158,deepspeed_policy,161.02905869483948,70.0,19822608384.0,11.8,76524969984
159,deepspeed_policy,162.03259801864624,0.0,19822608384.0,10.9,76524646400
160,deepspeed_policy,163.03631925582886,76.5,19822608384.0,11.0,76527566848
161,deepspeed_policy,164.15463852882385,91.25,19822608384.0,12.4,76528050176
162,deepspeed_policy,165.15851187705994,89.25,19822608384.0,12.4,76527017984
163,deepspeed_policy,166.1624481678009,59.75,19822608384.0,12.9,76524556288
164,deepspeed_policy,167.17263555526733,0.0,19822608384.0,10.9,76524019712
165,deepspeed_policy,168.17650628089905,90.75,19822608384.0,11.6,76524019712
166,deepspeed_policy,169.18430304527283,88.875,19822608384.0,12.2,76524179456
167,deepspeed_policy,170.25133895874023,93.875,19822608384.0,11.7,76524269568
168,deepspeed_policy,171.25545382499695,59.125,19822608384.0,11.9,76523753472
169,deepspeed_policy,172.25912880897522,4.0,19822608384.0,10.5,76523728896
170,deepspeed_policy,173.26289010047913,77.25,19822608384.0,12.1,76523728896
171,deepspeed_policy,174.31425714492798,86.5,19822608384.0,12.0,76523728896
172,deepspeed_policy,175.33532857894897,75.5,19822608384.0,11.8,76523163648
173,deepspeed_policy,176.35062837600708,34.875,19822608384.0,12.3,76517994496
174,deepspeed_policy,177.35431146621704,79.25,19822608384.0,10.6,76517834752
175,deepspeed_policy,178.3618152141571,90.0,19822608384.0,12.1,76517834752
176,deepspeed_policy,179.42415571212769,86.25,19822608384.0,12.1,76517318656
177,deepspeed_policy,180.47142004966736,75.75,19822608384.0,11.7,76517318656
178,deepspeed_policy,181.4749677181244,0.0,19822608384.0,11.4,76517564416
179,deepspeed_policy,182.4786217212677,92.75,19822608384.0,10.8,76518080512
180,deepspeed_policy,183.48243880271912,88.375,19822608384.0,12.4,76521287680
181,deepspeed_policy,184.4982249736786,89.125,19822608384.0,12.0,76520169472
182,deepspeed_policy,185.5163905620575,84.625,19822608384.0,11.9,76520644608
183,deepspeed_policy,186.52030515670776,0.0,19822608384.0,11.5,76532477952
184,deepspeed_policy,187.52343678474426,77.0,19822608384.0,11.5,76515115008
185,deepspeed_policy,188.57962226867676,94.5,19822608384.0,12.3,76515368960
186,deepspeed_policy,189.58258509635925,91.25,19822608384.0,12.2,76516597760
187,deepspeed_policy,190.58625650405884,62.75,19822608384.0,12.1,76518817792
188,deepspeed_policy,191.60492396354675,0.0,19822608384.0,11.1,76519452672
189,deepspeed_policy,192.61341285705566,88.75,19822608384.0,11.6,76520493056
190,deepspeed_policy,193.62245988845825,91.875,19822608384.0,12.2,76520493056
191,deepspeed_policy,194.63630509376526,98.625,19822608384.0,11.9,76520976384
192,deepspeed_policy,195.6399233341217,65.875,19822608384.0,12.0,76520251392
193,deepspeed_policy,196.66075110435486,0.0,19822608384.0,11.2,76522192896
194,deepspeed_policy,197.66447496414185,75.5,19822608384.0,12.3,76524716032
195,deepspeed_policy,198.6997401714325,70.5,19822608384.0,12.3,76524568576
196,deepspeed_policy,199.72116708755493,91.625,19822608384.0,11.8,76524568576
197,deepspeed_policy,200.72476983070374,61.625,19822608384.0,11.9,76524568576
198,deepspeed_policy,201.73924922943115,67.0,19822608384.0,10.5,76524826624
199,deepspeed_policy,202.8092224597931,91.0,19822608384.0,12.1,76524818432
200,deepspeed_policy,203.833881855011,95.125,19822608384.0,12.0,76524818432
201,deepspeed_policy,204.86337113380432,90.125,19822608384.0,11.7,76524560384
202,deepspeed_policy,205.8879110813141,0.0,19822608384.0,11.4,76524560384
203,deepspeed_policy,206.89175057411194,79.5,19822608384.0,11.1,76523524096
204,deepspeed_policy,207.9615833759308,90.375,19822608384.0,12.8,76517814272
205,deepspeed_policy,208.96530628204346,91.375,19822608384.0,12.2,76517556224
206,deepspeed_policy,209.9845507144928,58.125,19822608384.0,11.7,76517556224
207,deepspeed_policy,211.01269483566284,0.0,19822608384.0,10.9,76517523456
208,deepspeed_policy,212.01629376411438,95.125,19822608384.0,11.5,76517523456
209,deepspeed_policy,213.0631251335144,92.125,19822870528.0,12.2,76517523456
210,deepspeed_policy,214.0682680606842,91.625,19822870528.0,11.8,76517523456
211,deepspeed_policy,215.11904883384705,64.25,19822870528.0,12.1,76517523456
212,deepspeed_policy,216.1265890598297,6.25,19822870528.0,10.5,76517294080
213,deepspeed_policy,217.13151502609253,77.875,19822870528.0,12.2,76516777984
214,deepspeed_policy,218.1405735015869,83.5,19822870528.0,12.4,76541546496
215,deepspeed_policy,219.1510889530182,84.75,19822870528.0,12.0,76518891520
216,deepspeed_policy,220.15974712371826,46.5,19822870528.0,11.9,76518625280
217,deepspeed_policy,221.16340708732605,70.375,19822870528.0,10.8,76519350272
218,deepspeed_policy,222.16995668411255,91.875,19822870528.0,12.6,76519780352
219,deepspeed_policy,223.1825976371765,89.125,19822870528.0,12.6,76520243200
220,deepspeed_policy,224.2726435661316,87.5,19822870528.0,12.1,76529188864
221,deepspeed_policy,225.2905788421631,0.0,19822870528.0,11.7,76529680384
222,deepspeed_policy,226.29432582855225,75.875,19822870528.0,11.3,76529672192
223,deepspeed_policy,227.32570004463196,93.75,19822870528.0,12.5,76533665792
224,deepspeed_policy,228.32946228981018,92.125,19822870528.0,12.1,76533149696
225,deepspeed_policy,229.33303308486938,64.25,19822870528.0,12.5,76526215168
226,deepspeed_policy,230.3581166267395,0.0,19822870528.0,10.9,76526215168
227,deepspeed_policy,231.36185693740845,91.875,19822870528.0,11.6,76526473216
228,deepspeed_policy,232.36700916290283,94.5,19822870528.0,12.1,76526473216
229,deepspeed_policy,233.38485503196716,95.5,19823132672.0,11.6,76526473216
230,deepspeed_policy,234.3944866657257,65.625,17780244480.0,11.5,76526215168
231,deepspeed_policy,235.43580031394958,0.0,17918656512.0,10.8,76526452736
232,deepspeed_policy,236.43951272964478,93.25,17920753664.0,11.8,76525420544
233,deepspeed_policy,237.45650959014893,90.5,17921277952.0,12.3,76525674496
234,deepspeed_policy,238.46411538124084,90.375,17921277952.0,11.9,76525674496
235,deepspeed_policy,239.47187066078186,65.0,17921277952.0,12.4,76528771072
236,deepspeed_policy,240.4792914390564,9.125,17921277952.0,10.4,76528611328
237,deepspeed_policy,241.48300576210022,77.25,17921277952.0,12.2,76528279552
238,deepspeed_policy,242.48650336265564,82.875,17921277952.0,12.1,76528279552
239,deepspeed_policy,243.49105644226074,86.875,17921277952.0,11.6,76527247360
240,deepspeed_policy,244.52143692970276,44.25,17921277952.0,12.0,76526473216
241,deepspeed_policy,245.52521657943726,71.75,17921277952.0,10.7,76526473216
242,deepspeed_policy,246.5790057182312,85.625,17921277952.0,12.1,76525948928
243,deepspeed_policy,247.60710787773132,83.625,17921540096.0,12.1,76525232128
244,deepspeed_policy,248.69328355789185,76.375,17921540096.0,11.7,76524711936
245,deepspeed_policy,249.79060244560242,0.0,17921540096.0,11.6,76516438016
246,deepspeed_policy,250.79442477226257,76.625,17921540096.0,11.1,76516913152
247,deepspeed_policy,251.84921884536743,94.875,17921540096.0,12.2,76516913152
248,deepspeed_policy,252.85276746749878,92.0,17921540096.0,12.1,76516134912
249,deepspeed_policy,253.8594765663147,63.625,17921540096.0,11.9,76517601280
250,deepspeed_policy,254.91630363464355,0.0,17921540096.0,11.1,76518293504
251,deepspeed_policy,255.92027115821838,91.25,17921540096.0,12.1,76518653952
252,deepspeed_policy,256.93822503089905,91.75,17921540096.0,12.7,76520316928
253,deepspeed_policy,257.9522895812988,96.5,17921540096.0,12.2,76519530496
254,deepspeed_policy,258.95711302757263,61.25,17921540096.0,12.4,76530307072
255,deepspeed_policy,260.00883316993713,0.0,17921540096.0,11.0,76525166592
256,deepspeed_policy,261.0141532421112,72.875,17921540096.0,12.1,76517535744
257,deepspeed_policy,262.0524592399597,76.625,17921540096.0,12.2,76517535744
258,deepspeed_policy,263.10206365585327,80.125,17921540096.0,11.7,76517535744
259,deepspeed_policy,264.18652296066284,33.875,17921540096.0,11.9,76517535744
260,deepspeed_policy,265.1902344226837,86.5,17921540096.0,10.6,76517535744
261,deepspeed_policy,266.19804525375366,89.375,17921540096.0,12.2,76518051840
262,deepspeed_policy,267.2087068557739,89.375,17921540096.0,12.0,76517793792
263,deepspeed_policy,268.2126884460449,87.0,17921540096.0,11.7,76517789696
264,deepspeed_policy,269.23973965644836,0.0,17921540096.0,11.3,76517306368
265,deepspeed_policy,270.24331998825073,96.875,17921540096.0,10.7,76517289984
266,deepspeed_policy,271.2546465396881,76.0,17921540096.0,12.5,76505100288
267,deepspeed_policy,272.3220453262329,76.0,17921540096.0,12.0,76505100288
268,deepspeed_policy,273.35428285598755,70.0,18388680704.0,11.7,76505100288
269,deepspeed_policy,274.4194540977478,0.0,18388680704.0,11.2,76505100288
270,deepspeed_policy,275.4228980541229,95.75,18388680704.0,10.8,76505595904
271,deepspeed_policy,276.42652440071106,71.625,18388680704.0,12.2,76505333760
272,deepspeed_policy,277.47145223617554,73.125,18388680704.0,12.1,76505071616
273,deepspeed_policy,278.4791121482849,62.125,18388680704.0,11.5,76504125440
274,deepspeed_policy,279.55456948280334,0.0,18388680704.0,11.2,76504117248
275,deepspeed_policy,280.55801010131836,88.625,18388680704.0,11.3,76504117248
276,deepspeed_policy,281.56927156448364,91.75,18388680704.0,12.6,76504633344
277,deepspeed_policy,282.5892479419708,99.75,18388680704.0,11.9,76504444928
278,deepspeed_policy,283.60696172714233,63.5,18388680704.0,11.9,76504702976
279,deepspeed_policy,284.66431164741516,0.0,18388680704.0,10.5,76504702976
280,deepspeed_policy,285.6681282520294,72.75,18388680704.0,12.3,76506468352
281,deepspeed_policy,286.7421040534973,79.5,18388942848.0,12.7,76508119040
282,deepspeed_policy,287.7681405544281,90.875,18388942848.0,12.3,76512096256
283,deepspeed_policy,288.80906772613525,60.125,18388942848.0,12.3,76512231424
284,deepspeed_policy,289.81566548347473,49.0,18388942848.0,10.6,76512174080
285,deepspeed_policy,290.8322069644928,90.0,18388942848.0,12.6,76512112640
286,deepspeed_policy,291.8656499385834,94.5,18388942848.0,12.5,76505108480
287,deepspeed_policy,292.89785146713257,92.875,18388942848.0,12.0,76505870336
288,deepspeed_policy,293.9019651412964,0.0,18388942848.0,11.6,76505870336
289,deepspeed_policy,294.9059133529663,82.375,18388942848.0,11.1,76510433280
290,deepspeed_policy,295.92244601249695,81.375,18388942848.0,12.3,76510433280
291,deepspeed_policy,296.94127130508423,77.25,18388942848.0,12.1,76509917184
292,deepspeed_policy,297.9448046684265,64.75,18388942848.0,11.8,76510146560
293,deepspeed_policy,299.023939371109,0.0,18388942848.0,11.0,76510138368
294,deepspeed_policy,300.027583360672,90.0,18388942848.0,11.5,76510138368
295,deepspeed_policy,301.0620722770691,91.625,18388942848.0,12.1,76510138368
296,deepspeed_policy,302.1103401184082,90.875,18388942848.0,12.2,76534394880
297,deepspeed_policy,303.1372835636139,60.5,18388942848.0,12.2,76511997952
298,deepspeed_policy,304.1552619934082,4.375,18388942848.0,10.6,76511981568
299,deepspeed_policy,305.1677236557007,76.75,18388942848.0,12.2,76511723520
300,deepspeed_policy,306.18185925483704,79.875,18388942848.0,12.1,76511936512
301,deepspeed_policy,307.1858606338501,87.625,18388942848.0,11.8,76511678464
302,deepspeed_policy,308.19182085990906,46.25,18388942848.0,11.9,76511420416
303,deepspeed_policy,309.1953501701355,90.125,18388942848.0,10.7,76510744576
304,deepspeed_policy,310.260427236557,84.875,18388942848.0,12.1,76511002624
305,deepspeed_policy,311.26731538772583,89.625,18388942848.0,12.0,76511002624
306,deepspeed_policy,312.2709300518036,84.25,18388942848.0,11.7,76510830592
307,deepspeed_policy,313.27443623542786,0.0,18388942848.0,12.1,76505604096
308,deepspeed_policy,314.2787232398987,73.875,18388942848.0,11.0,76505825280
309,deepspeed_policy,315.32990765571594,92.125,18388942848.0,12.2,76505341952
310,deepspeed_policy,316.3347930908203,95.75,18388942848.0,12.1,76506628096
311,deepspeed_policy,317.3924436569214,59.5,18388942848.0,12.4,76506390528
0,harmony,0.0,0.0,32467386368.0,10.2,76640989184
1,harmony,1.013899564743042,0.0,32467386368.0,10.1,76653117440
2,harmony,2.0177605152130127,97.75,32467386368.0,11.7,76662374400
3,harmony,3.0450375080108643,99.125,32467386368.0,11.9,76655222784
4,harmony,4.0505969524383545,81.875,32467386368.0,12.3,76656832512
5,harmony,5.058192729949951,69.75,32467386368.0,12.3,76657213440
6,harmony,6.062183618545532,75.25,32467386368.0,12.2,76656152576
7,harmony,7.08820104598999,97.25,32467910656.0,12.1,76656394240
8,harmony,8.137158393859863,65.125,32467910656.0,12.4,76660994048
9,harmony,9.221473217010498,0.0,32467910656.0,11.1,76660826112
10,harmony,10.225365161895752,0.0,32467910656.0,10.6,76666028032
11,harmony,11.229228496551514,33.25,32467910656.0,11.1,76675809280
12,harmony,12.234113454818726,91.5,32467910656.0,12.6,76669038592
13,harmony,13.312279462814331,97.125,32467910656.0,12.6,76678000640
14,harmony,14.384149312973022,100.0,32467910656.0,12.1,76676653056
15,harmony,15.390607118606567,100.0,32467910656.0,12.3,76675620864
16,harmony,16.50954842567444,95.375,32467910656.0,12.3,76675878912
17,harmony,17.530678510665894,79.625,32467910656.0,12.2,76676587520
18,harmony,18.542534828186035,0.0,32467910656.0,11.7,76682260480
19,harmony,19.546483993530273,0.0,32467910656.0,10.3,76681179136
20,harmony,20.550228595733643,12.0,32467910656.0,10.3,76673544192
21,harmony,21.55517315864563,91.625,32467910656.0,11.6,76678332416
22,harmony,22.5596022605896,83.625,32467910656.0,12.7,76699308032
23,harmony,23.72569251060486,98.875,32467910656.0,12.3,76683321344
24,harmony,24.747162342071533,91.125,32467910656.0,12.2,76680871936
25,harmony,25.858807802200317,95.875,32467910656.0,12.2,76679553024
26,harmony,26.87568211555481,64.0,32467910656.0,12.1,76679278592
27,harmony,27.961543083190918,73.125,32467910656.0,12.4,76679122944
28,harmony,28.96521520614624,0.0,32467910656.0,10.2,76679380992
29,harmony,29.969261646270752,0.0,32467910656.0,10.2,76681187328
30,harmony,30.973039150238037,87.75,32467910656.0,11.5,76679380992
31,harmony,31.980995655059814,70.625,32467910656.0,12.5,76678668288
32,harmony,33.07651424407959,95.625,32467910656.0,12.5,76690649088
33,harmony,34.16640090942383,90.625,32467910656.0,12.5,76677300224
34,harmony,35.20366334915161,90.375,32467910656.0,12.3,76676009984
35,harmony,36.21050453186035,89.125,32467910656.0,12.1,76675674112
36,harmony,37.218310594558716,66.625,32467910656.0,12.5,76675416064
37,harmony,38.23770523071289,0.0,32467910656.0,10.4,76675137536
38,harmony,39.244033098220825,0.0,32467910656.0,10.2,76675387392
39,harmony,40.24776840209961,98.375,32467910656.0,11.6,76682350592
40,harmony,41.26706576347351,91.625,32467910656.0,12.8,76685262848
41,harmony,42.27761149406433,70.25,32467910656.0,12.4,76685418496
42,harmony,43.359755516052246,93.875,32467910656.0,12.5,76683984896
43,harmony,44.45378851890564,91.0,32467910656.0,12.8,76686180352
44,harmony,45.525004386901855,90.125,32467910656.0,12.1,76685479936
45,harmony,46.53402900695801,62.5,32467910656.0,12.6,76685037568
46,harmony,47.54105615615845,0.0,32467910656.0,10.6,76685287424
47,harmony,48.55241060256958,0.0,32467910656.0,10.5,76684836864
48,harmony,49.556169748306274,99.375,32467910656.0,11.4,76681089024
49,harmony,50.58062171936035,100.0,32467910656.0,12.3,76680556544
50,harmony,51.59975266456604,88.25,32467910656.0,12.2,76680040448
51,harmony,52.60835528373718,66.0,32467910656.0,12.5,76681588736
52,harmony,53.650923013687134,79.0,32467910656.0,12.5,76681998336
53,harmony,54.731841802597046,94.625,32468172800.0,12.9,76683829248
54,harmony,55.76755714416504,72.5,32468172800.0,12.6,76684894208
55,harmony,56.78800868988037,0.0,32468172800.0,10.9,76684636160
56,harmony,57.79187631607056,0.0,32468172800.0,10.3,76685398016
57,harmony,58.79573607444763,98.375,32468172800.0,11.1,76691075072
58,harmony,59.863224029541016,99.75,32468172800.0,12.3,76691075072
59,harmony,60.95335102081299,81.75,32468172800.0,12.4,76691333120
60,harmony,61.977885007858276,69.0,32468172800.0,12.4,76691075072
61,harmony,62.993287086486816,75.125,32468172800.0,12.4,76691075072
62,harmony,64.02291250228882,87.0,32468172800.0,12.4,76691042304
63,harmony,65.03547143936157,67.375,32468172800.0,12.9,76685234176
64,harmony,66.14309048652649,0.0,32468172800.0,10.9,76683927552
65,harmony,67.14694261550903,0.0,32468172800.0,10.4,76683145216
66,harmony,68.15066695213318,99.25,32468172800.0,10.9,76682887168
67,harmony,69.15574502944946,100.0,32468172800.0,12.1,76682887168
68,harmony,70.3004457950592,98.75,32468172800.0,12.7,76684435456
69,harmony,71.34391164779663,80.375,32468172800.0,13.0,76691767296
70,harmony,72.37877440452576,85.375,32468172800.0,12.4,76690554880
71,harmony,73.50635814666748,98.875,32468172800.0,12.4,76690554880
72,harmony,74.52264308929443,64.75,32468172800.0,12.5,76690296832
73,harmony,75.54219770431519,0.0,32468172800.0,11.5,76691070976
74,harmony,76.54625964164734,0.0,32468172800.0,10.3,76696350720
75,harmony,77.55014944076538,23.5,32468172800.0,10.4,76696051712
76,harmony,78.56381440162659,95.25,32468172800.0,11.9,76695818240
77,harmony,79.64092803001404,97.5,32468172800.0,12.5,76695527424
78,harmony,80.67392683029175,100.0,32468172800.0,12.2,76695478272
79,harmony,81.6985113620758,100.0,32468172800.0,12.6,76695465984
80,harmony,82.70380568504333,100.0,32468172800.0,12.3,76695461888
81,harmony,83.76833391189575,66.0,32468172800.0,12.7,76695973888
82,harmony,84.81294345855713,12.0,32468172800.0,12.0,76698324992
83,harmony,85.81641435623169,0.0,32468172800.0,11.0,76696702976
84,harmony,86.81970977783203,0.75,32468172800.0,10.3,76697178112
85,harmony,87.82727789878845,77.125,32468172800.0,11.9,76697124864
86,harmony,88.8836042881012,95.125,32468172800.0,12.1,76696866816
87,harmony,89.9241144657135,89.625,32468172800.0,12.4,76696866816
88,harmony,90.95421934127808,92.75,32468172800.0,12.1,76696088576
89,harmony,92.02360081672668,100.0,32468172800.0,12.2,76696088576
90,harmony,93.04032301902771,68.5,32468172800.0,12.1,76696088576
91,harmony,94.0547890663147,77.625,32468172800.0,12.2,76696834048
92,harmony,95.05858778953552,0.0,32468172800.0,10.2,76696825856
93,harmony,96.06237483024597,0.0,32468172800.0,10.4,76706856960
94,harmony,97.06642460823059,88.125,32468172800.0,11.6,76698796032
95,harmony,98.07076144218445,75.75,32468172800.0,12.1,76698796032
96,harmony,99.19600367546082,98.75,32468172800.0,12.3,76698796032
97,harmony,100.20064902305603,95.625,32468172800.0,12.1,76698796032
98,harmony,101.22772598266602,89.125,32468172800.0,12.9,76705320960
99,harmony,102.25352334976196,88.875,32468434944.0,12.3,76706287616
100,harmony,103.25699639320374,72.75,32468434944.0,12.3,76706758656
101,harmony,104.3332154750824,0.0,32468434944.0,10.5,76706500608
102,harmony,105.33675384521484,0.0,32468434944.0,10.2,76706758656
103,harmony,106.34044170379639,97.5,32468434944.0,11.2,76706758656
104,harmony,107.35991382598877,75.875,32468434944.0,12.6,76705898496
105,harmony,108.3761830329895,64.0,32468434944.0,12.3,76705898496
106,harmony,109.41321682929993,81.0,32468434944.0,12.0,76706156544
107,harmony,110.41843008995056,98.375,32468434944.0,12.3,76706414592
108,harmony,111.42201161384583,98.375,32468434944.0,12.2,76706414592
109,harmony,112.42693638801575,64.875,32468434944.0,12.4,76706045952
110,harmony,113.43384122848511,0.0,32468434944.0,11.0,76705734656
111,harmony,114.4545545578003,0.0,32468434944.0,10.3,76705705984
112,harmony,115.45836281776428,99.25,32468434944.0,11.1,76705112064
113,harmony,116.46214580535889,98.875,32468434944.0,12.2,76704595968
114,harmony,117.71131348609924,80.25,32468434944.0,13.5,76705615872
115,harmony,118.72675776481628,78.5,32468434944.0,12.8,76712910848
116,harmony,119.81317520141602,99.125,32468434944.0,12.4,76714033152
117,harmony,120.89217185974121,91.625,32468434944.0,12.2,76713512960
118,harmony,122.00288891792297,69.75,32468434944.0,12.4,76713512960
119,harmony,123.10487580299377,0.0,32468434944.0,10.5,76713254912
120,harmony,124.13994550704956,0.0,32468434944.0,10.3,76713254912
121,harmony,125.1438717842102,79.5,32468434944.0,11.5,76713254912
122,harmony,126.1727147102356,71.0,32468434944.0,12.4,76712968192
123,harmony,127.29179286956787,94.0,32468434944.0,12.3,76712452096
124,harmony,128.36876702308655,90.625,32468434944.0,13.0,76714491904
125,harmony,129.43597674369812,93.5,32468434944.0,12.3,76714749952
126,harmony,130.48653841018677,71.5,32468434944.0,12.6,76714749952
127,harmony,131.5912537574768,68.625,32468434944.0,13.3,76718964736
128,harmony,132.59528183937073,0.0,32468434944.0,10.3,76718411776
129,harmony,133.5991175174713,0.0,32468434944.0,10.3,76718665728
130,harmony,134.60299682617188,97.75,32468434944.0,11.4,76718239744
131,harmony,135.60724306106567,96.375,32468434944.0,12.1,76717981696
132,harmony,136.72497606277466,78.5,32468434944.0,12.6,76717723648
133,harmony,137.808096408844,88.0,32468434944.0,12.4,76715995136
134,harmony,138.828355550766,98.375,32468434944.0,12.8,76718571520
135,harmony,139.85277700424194,95.375,32468434944.0,12.4,76718514176
136,harmony,140.85667514801025,70.875,32468434944.0,12.4,76718514176
137,harmony,141.89965081214905,0.0,32468434944.0,10.9,76717764608
138,harmony,142.90364122390747,0.0,32468434944.0,10.3,76717506560
139,harmony,143.90760040283203,52.375,32468434944.0,10.5,76717506560
140,harmony,144.91731023788452,91.0,32468434944.0,11.9,76717244416
141,harmony,145.94305610656738,95.25,32468434944.0,12.5,76716945408
142,harmony,147.12608551979065,100.0,32468434944.0,12.6,76716171264
143,harmony,148.20777320861816,98.0,32468434944.0,12.5,76715655168
144,harmony,149.21274828910828,91.125,32468434944.0,13.1,76717592576
145,harmony,150.24061250686646,71.25,32468434944.0,12.8,76719288320
146,harmony,151.3117995262146,0.0,32468434944.0,11.8,76720492544
147,harmony,152.3156177997589,0.0,32468434944.0,10.7,76720709632
148,harmony,153.31949520111084,42.5,32468434944.0,10.4,76720451584
149,harmony,154.40817952156067,93.375,32468434944.0,12.0,76724486144
150,harmony,155.42175674438477,96.25,32468434944.0,12.5,76724129792
151,harmony,156.49901032447815,91.5,32468434944.0,12.4,76724113408
152,harmony,157.5198154449463,95.125,32468434944.0,12.4,76722966528
153,harmony,158.52413940429688,100.0,32468434944.0,12.4,76722708480
154,harmony,159.57661294937134,74.25,32468434944.0,13.0,76725542912
155,harmony,160.68013381958008,26.125,32468434944.0,12.2,76724719616
156,harmony,161.68391585350037,0.0,32468434944.0,11.1,76726726656
157,harmony,162.68796300888062,2.375,32468434944.0,10.1,76728000512
158,harmony,163.69411277770996,79.25,32468434944.0,11.8,76727476224
159,harmony,164.75914692878723,96.0,32468434944.0,12.4,76727975936
160,harmony,165.81616854667664,92.5,32468434944.0,12.5,76727701504
161,harmony,166.85090041160583,90.875,32468434944.0,12.4,76726927360
162,harmony,167.8648886680603,94.125,32468434944.0,12.3,76725637120
163,harmony,168.87224888801575,71.5,32468434944.0,12.4,76725866496
164,harmony,169.9795422554016,74.5,32468434944.0,13.0,76718235648
165,harmony,170.99594521522522,0.0,32468434944.0,10.3,76717719552
166,harmony,172.01688742637634,0.0,32468434944.0,10.2,76717719552
167,harmony,173.02057194709778,81.5,32468434944.0,11.5,76717719552
168,harmony,174.0241129398346,71.25,32468434944.0,12.6,76717977600
169,harmony,175.13048601150513,96.625,32468434944.0,12.5,76717457408
170,harmony,176.13935089111328,91.75,32468434944.0,12.6,76717445120
171,harmony,177.24093556404114,95.75,32468434944.0,12.4,76716642304
172,harmony,178.29695200920105,70.625,32468434944.0,12.4,76715868160
173,harmony,179.38700079917908,70.625,32468434944.0,12.5,76714676224
174,harmony,180.39063787460327,0.0,32468434944.0,10.7,76714541056
175,harmony,181.3956687450409,0.0,32468434944.0,10.4,76717252608
176,harmony,182.3990774154663,91.25,32468434944.0,11.7,76717662208
177,harmony,183.40814781188965,77.625,32468434944.0,12.7,76719386624
178,harmony,184.41251921653748,78.75,32468434944.0,12.7,76719575040
179,harmony,185.48808908462524,96.5,32468434944.0,12.8,76719763456
180,harmony,186.52961945533752,91.375,32468434944.0,12.5,76719714304
181,harmony,187.60567831993103,89.5,32468434944.0,12.8,76719439872
182,harmony,188.60941982269287,69.25,32468434944.0,12.5,76718563328
183,harmony,189.70446968078613,0.0,32468434944.0,10.9,76722425856
184,harmony,190.73920035362244,0.0,32468434944.0,10.5,76742553600
185,harmony,191.74300718307495,97.0,32468434944.0,12.5,76723269632
186,harmony,192.75666761398315,93.75,32468434944.0,12.4,76723908608
187,harmony,193.78638076782227,70.875,32468434944.0,12.5,76722692096
188,harmony,194.89909839630127,91.25,32468434944.0,12.4,76722343936
189,harmony,195.93825888633728,93.25,32468434944.0,12.5,76722327552
190,harmony,197.08339476585388,86.625,32468434944.0,12.5,76722069504
191,harmony,198.0998454093933,77.5,32468434944.0,12.6,76721553408
192,harmony,199.16178154945374,0.0,32468434944.0,10.4,76721147904
193,harmony,200.16552567481995,0.0,32468434944.0,10.3,76720857088
194,harmony,201.16941022872925,92.125,32468434944.0,11.2,76735565824
195,harmony,202.18607425689697,100.0,32468434944.0,12.1,76721491968
196,harmony,203.2021803855896,100.0,32468434944.0,12.4,76721750016
197,harmony,204.35293316841125,94.0,32468434944.0,12.3,76721233920
198,harmony,205.38864040374756,76.125,32468434944.0,12.3,76721225728
199,harmony,206.39785957336426,74.125,32468434944.0,12.4,76720967680
200,harmony,207.51460242271423,73.875,32468434944.0,12.4,76720836608
201,harmony,208.52520513534546,0.0,32468434944.0,11.3,76720062464
202,harmony,209.528972864151,0.0,32468434944.0,10.4,76719030272
203,harmony,210.53265643119812,93.375,32468434944.0,10.7,76718772224
204,harmony,211.60989356040955,100.0,32468434944.0,12.4,76727287808
205,harmony,212.6328194141388,100.0,32468434944.0,12.6,76718346240
206,harmony,213.7007257938385,99.5,32468434944.0,12.6,76719308800
207,harmony,214.74748134613037,85.0,32468434944.0,12.7,76719497216
208,harmony,215.77529120445251,71.25,32468434944.0,12.4,76719067136
209,harmony,216.8576238155365,73.875,32468434944.0,12.4,76718796800
210,harmony,217.96638345718384,0.0,32468434944.0,11.2,76718690304
211,harmony,218.97020506858826,0.0,32468434944.0,10.3,76719136768
212,harmony,219.97295880317688,80.875,32468434944.0,10.8,76719640576
213,harmony,220.9945616722107,92.0,32468434944.0,11.8,76712656896
214,harmony,222.01029014587402,93.75,32468434944.0,13.1,76723515392
215,harmony,223.0843346118927,98.625,32468434944.0,12.9,76709621760
216,harmony,224.1544473171234,100.0,32468434944.0,12.5,76715917312
217,harmony,225.3144154548645,87.375,32468434944.0,12.5,76708782080
218,harmony,226.35840892791748,68.5,32468434944.0,12.5,76708732928
219,harmony,227.46210718154907,0.0,32468434944.0,11.4,76546080768
220,harmony,228.46648263931274,0.0,32468434944.0,10.3,76543942656
221,harmony,229.47055506706238,67.0,32468434944.0,11.5,76541857792
222,harmony,230.47377467155457,96.375,32468434944.0,12.3,76540821504
223,harmony,231.58753514289856,77.125,32468959232.0,12.4,76540248064
224,harmony,232.59187602996826,91.125,32469221376.0,12.7,76552847360
225,harmony,233.6441035270691,64.25,32470532096.0,12.4,76543254528
0,drop,0.0,0.0,32344702976.0,12.8,76664745984
1,drop,1.0038959980010986,0.0,32344702976.0,10.2,76678381568
2,drop,2.0130701065063477,87.0,32344702976.0,10.7,76692045824
3,drop,3.030503988265991,92.5,32344702976.0,11.7,76692561920
4,drop,4.088346242904663,95.375,32344702976.0,12.3,76692303872
5,drop,5.151699066162109,99.75,32344702976.0,12.4,76709584896
6,drop,6.165544509887695,100.0,32344702976.0,12.2,76677570560
7,drop,7.3022379875183105,96.375,32345227264.0,12.1,76673306624
8,drop,8.306514978408813,74.0,32345227264.0,12.3,76671361024
9,drop,9.368130207061768,0.0,32345227264.0,11.2,76671074304
10,drop,10.371886014938354,0.0,32345227264.0,10.2,76665397248
11,drop,11.375842332839966,6.625,32345227264.0,10.2,76671315968
12,drop,12.38290786743164,99.25,32345227264.0,11.4,76679630848
13,drop,13.38675045967102,85.0,32345227264.0,12.2,76679135232
14,drop,14.39325213432312,70.625,32345227264.0,12.3,76678619136
15,drop,15.469998121261597,91.0,32345227264.0,12.3,76683776000
16,drop,16.479780912399292,97.5,32345227264.0,12.6,76678979584
17,drop,17.484691381454468,91.125,32345227264.0,12.2,76678406144
18,drop,18.56129479408264,74.25,32345227264.0,12.4,76677316608
19,drop,19.640008687973022,0.0,32345227264.0,10.2,76676800512
20,drop,20.643841981887817,0.0,32345227264.0,10.5,76677906432
21,drop,21.647711992263794,97.75,32345227264.0,11.4,76665491456
22,drop,22.657996892929077,100.0,32345227264.0,12.2,76665208832
23,drop,23.795244455337524,88.25,32345227264.0,12.2,76665118720
24,drop,24.817532300949097,69.75,32345227264.0,12.6,76664565760
25,drop,25.8607075214386,84.25,32345227264.0,12.6,76679913472
26,drop,26.879780769348145,98.25,32345227264.0,13.0,76680126464
27,drop,27.88372278213501,71.5,32345227264.0,12.6,76679712768
28,drop,28.932676792144775,0.0,32345227264.0,11.4,76684312576
29,drop,29.936620712280273,0.0,32345227264.0,10.1,76684050432
30,drop,30.94044280052185,89.75,32345227264.0,11.1,76680667136
31,drop,31.955381393432617,99.75,32345227264.0,11.9,76680966144
32,drop,33.075393199920654,100.0,32345227264.0,12.5,76682055680
33,drop,34.15078663825989,99.875,32345489408.0,12.3,76681797632
34,drop,35.18329954147339,85.5,32345751552.0,12.2,76681510912
35,drop,36.19160795211792,81.25,32345751552.0,12.1,76681248768
36,drop,37.27863359451294,74.0,32345751552.0,12.7,76683259904
37,drop,38.33671832084656,0.0,32345751552.0,10.9,76682866688
38,drop,39.34056210517883,0.0,32345751552.0,10.1,76681048064
39,drop,40.344433069229126,86.75,32345751552.0,11.0,76688187392
40,drop,41.37129235267639,91.25,32345751552.0,11.8,76689461248
41,drop,42.384031772613525,96.5,32345751552.0,12.3,76689702912
42,drop,43.387582302093506,100.0,32345751552.0,12.1,76689702912
43,drop,44.39127850532532,100.0,32345751552.0,12.3,76689960960
44,drop,45.48874235153198,97.875,32345751552.0,12.0,76689440768
45,drop,46.537760496139526,71.75,32345751552.0,12.1,76689440768
46,drop,47.59277892112732,0.0,32345751552.0,11.9,76693385216
47,drop,48.596686124801636,0.0,32345751552.0,10.2,76693352448
48,drop,49.60061025619507,45.25,32345751552.0,10.4,76681998336
49,drop,50.607269525527954,89.0,32345751552.0,11.7,76681187328
50,drop,51.61605954170227,96.875,32345751552.0,12.4,76680671232
51,drop,52.62892484664917,91.0,32345751552.0,12.2,76680409088
52,drop,53.714962005615234,93.875,32345751552.0,12.2,76679892992
53,drop,54.722593784332275,100.0,32345751552.0,12.2,76679892992
54,drop,55.72761297225952,71.75,32346013696.0,12.3,76679376896
55,drop,56.742756366729736,54.875,32346013696.0,12.6,76689227776
56,drop,57.74651527404785,0.0,32346013696.0,11.0,76707938304
57,drop,58.75041460990906,0.0,32346013696.0,10.8,76687630336
58,drop,59.75429034233093,96.125,32346013696.0,12.2,76698275840
59,drop,60.75805616378784,98.25,32346013696.0,12.0,76697452544
60,drop,61.797717571258545,89.625,32346013696.0,12.6,76697726976
61,drop,62.80274152755737,82.5,32346013696.0,12.3,76697182208
62,drop,63.88684630393982,95.5,32346013696.0,12.5,76699140096
63,drop,64.8936619758606,93.125,32346013696.0,12.2,76698558464
64,drop,65.95461511611938,78.75,32346013696.0,12.4,76698558464
65,drop,67.01366519927979,0.0,32346013696.0,10.4,76697473024
66,drop,68.01781845092773,0.0,32346013696.0,10.3,76705730560
67,drop,69.0217022895813,96.75,32346013696.0,11.6,76694556672
68,drop,70.04674005508423,100.0,32346013696.0,11.7,76694814720
69,drop,71.1111114025116,100.0,32346013696.0,12.2,76694556672
70,drop,72.12437868118286,97.375,32346013696.0,12.1,76694548480
71,drop,73.13285517692566,76.875,32346013696.0,12.0,76694544384
72,drop,74.13679480552673,68.0,32346013696.0,12.2,76694286336
73,drop,75.14661073684692,77.125,32346013696.0,12.3,76693770240
74,drop,76.17040157318115,0.0,32346013696.0,11.3,76693770240
75,drop,77.17418146133423,0.0,32346013696.0,10.2,76693770240
76,drop,78.19195675849915,21.125,32346013696.0,10.3,76694536192
77,drop,79.19576859474182,83.375,32346013696.0,11.7,76688752640
78,drop,80.20610189437866,70.75,32346013696.0,12.6,76689489920
79,drop,81.30566930770874,96.75,32346013696.0,12.3,76689203200
80,drop,82.34662365913391,91.25,32346013696.0,12.3,76688404480
81,drop,83.37635540962219,94.5,32346013696.0,12.1,76688146432
82,drop,84.43651342391968,70.25,32346013696.0,12.2,76687888384
83,drop,85.5037522315979,42.75,32346013696.0,12.2,76687888384
84,drop,86.50744986534119,0.0,32346013696.0,10.1,76687888384
85,drop,87.51146388053894,0.0,32346013696.0,10.5,76693704704
86,drop,88.51534152030945,97.625,32346013696.0,11.5,76693954560
87,drop,89.52804279327393,93.125,32346013696.0,13.4,76698927104
88,drop,90.55934810638428,75.375,32346013696.0,12.4,76698411008
89,drop,91.66213417053223,93.75,32346013696.0,12.5,76697333760
90,drop,92.66803550720215,96.375,32346013696.0,12.1,76697772032
91,drop,93.69377779960632,90.0,32346013696.0,12.4,76698472448
92,drop,94.79138326644897,74.0,32346013696.0,12.7,76698468352
93,drop,95.81019878387451,0.0,32346013696.0,10.7,76701216768
94,drop,96.8140799999237,0.0,32346013696.0,10.7,76701925376
95,drop,97.81799554824829,96.875,32346013696.0,11.3,76701888512
96,drop,98.859130859375,100.0,32346013696.0,11.8,76701372416
97,drop,99.93637800216675,99.875,32346013696.0,12.7,76701626368
98,drop,100.9678111076355,85.625,32346013696.0,12.1,76700303360
99,drop,101.9743103981018,68.875,32346013696.0,12.2,76699009024
100,drop,103.02822852134705,94.75,32346275840.0,11.8,76698685440
101,drop,104.04518699645996,72.0,32346275840.0,12.4,76698931200
102,drop,105.0536880493164,0.0,32346275840.0,10.9,76698931200
103,drop,106.05801582336426,0.0,32346275840.0,10.2,76697899008
104,drop,107.06180262565613,90.5,32346275840.0,10.9,76697899008
105,drop,108.14513063430786,97.25,32346275840.0,11.8,76697382912
106,drop,109.15976166725159,100.0,32346275840.0,12.1,76697382912
107,drop,110.17081189155579,100.0,32346275840.0,12.7,76715696128
108,drop,111.18986988067627,100.0,32346275840.0,12.4,76688666624
109,drop,112.19417214393616,99.375,32346275840.0,12.2,76687863808
110,drop,113.2204966545105,75.875,32346275840.0,12.1,76687085568
111,drop,114.2240059375763,0.0,32346275840.0,11.6,76687085568
112,drop,115.2277946472168,0.0,32346275840.0,10.1,76687069184
113,drop,116.23169088363647,29.625,32346275840.0,10.4,76686807040
114,drop,117.2653579711914,82.125,32346275840.0,11.7,76685746176
115,drop,118.2971351146698,98.375,32346275840.0,12.3,76686417920
116,drop,119.30120420455933,92.125,32346275840.0,12.9,76688805888
117,drop,120.38913416862488,96.0,32346275840.0,12.4,76689768448
118,drop,121.40247464179993,99.5,32346275840.0,12.5,76689584128
119,drop,122.40992736816406,74.625,32346275840.0,12.1,76689575936
120,drop,123.41804671287537,43.25,32346275840.0,12.2,76689317888
121,drop,124.42185997962952,0.0,32346275840.0,10.2,76688822272
122,drop,125.4255883693695,0.0,32346275840.0,10.2,76688265216
123,drop,126.42937755584717,98.375,32346275840.0,11.6,76687962112
124,drop,127.43308353424072,94.5,32346275840.0,12.1,76687687680
125,drop,128.45266318321228,75.875,32346275840.0,12.7,76690550784
126,drop,129.54418754577637,83.375,32346275840.0,12.3,76690690048
127,drop,130.55352473258972,96.375,32346275840.0,12.4,76689387520
128,drop,131.56615781784058,90.125,32346275840.0,12.8,76702298112
129,drop,132.64096307754517,70.25,32346275840.0,12.7,76699144192
130,drop,133.6481318473816,0.0,32346275840.0,10.5,76699037696
131,drop,134.65202355384827,0.0,32346275840.0,10.2,76698841088
132,drop,135.65610527992249,94.125,32346275840.0,11.1,76701163520
133,drop,136.68628573417664,98.625,32346275840.0,11.7,76701163520
134,drop,137.70787715911865,100.0,32346275840.0,12.3,76700905472
135,drop,138.85033512115479,97.375,32346275840.0,12.3,76700647424
136,drop,139.8675537109375,76.375,32346275840.0,12.1,76700131328
137,drop,140.87104511260986,67.875,32346275840.0,12.5,76699873280
138,drop,141.8747797012329,77.375,32346275840.0,12.9,76694171648
139,drop,142.89186143875122,0.0,32346275840.0,11.3,76693876736
140,drop,143.89575386047363,0.0,32346275840.0,10.2,76694089728
141,drop,144.89978504180908,41.375,32346275840.0,10.4,76694282240
142,drop,145.9107551574707,90.5,32346275840.0,11.1,76694024192
143,drop,146.91486120224,73.5,32346275840.0,12.3,76694003712
144,drop,147.9252893924713,70.375,32346275840.0,12.3,76694450176
145,drop,148.94150853157043,93.875,32346275840.0,12.4,76694765568
146,drop,149.95282196998596,94.75,32346275840.0,12.8,76695621632
147,drop,151.08200097084045,80.875,32346275840.0,12.1,76696039424
148,drop,152.1044933795929,80.625,32346275840.0,12.5,76705034240
149,drop,153.11349725723267,0.0,32346275840.0,10.5,76694540288
150,drop,154.11736917495728,0.0,32346275840.0,10.2,76694536192
151,drop,155.12118268013,96.875,32346275840.0,11.4,76694245376
152,drop,156.1255383491516,100.0,32346275840.0,11.7,76694245376
153,drop,157.1494014263153,99.25,32346275840.0,12.2,76694245376
154,drop,158.1936433315277,83.625,32346275840.0,12.1,76693721088
155,drop,159.1972188949585,70.625,32346275840.0,12.3,76695748608
156,drop,160.2807993888855,91.75,32346275840.0,12.2,76697227264
157,drop,161.2844898700714,74.875,32346275840.0,12.4,76696686592
158,drop,162.39788484573364,0.0,32346275840.0,11.0,76695547904
159,drop,163.40216159820557,0.0,32346275840.0,10.9,76692996096
160,drop,164.4059920310974,90.75,32346275840.0,11.0,76692996096
161,drop,165.42971634864807,97.125,32346275840.0,12.0,76692594688
162,drop,166.43607211112976,100.0,32346275840.0,12.3,76692185088
163,drop,167.44585514068604,100.0,32346275840.0,12.8,76692238336
164,drop,168.53326869010925,97.75,32346275840.0,12.2,76691980288
165,drop,169.59596300125122,69.625,32346275840.0,12.2,76691980288
166,drop,170.67368507385254,75.5,32346275840.0,12.3,76690796544
167,drop,171.6940279006958,0.0,32346275840.0,11.2,76690010112
168,drop,172.69772219657898,0.0,32346275840.0,10.3,76689473536
169,drop,173.7014811038971,81.375,32346275840.0,11.2,76690767872
170,drop,174.72079420089722,92.75,32346275840.0,11.6,76690509824
171,drop,175.72937750816345,91.0,32346275840.0,12.2,76690505728
172,drop,176.7388575077057,95.875,32346275840.0,12.1,76690505728
173,drop,177.74243068695068,100.0,32346275840.0,12.2,76690477056
174,drop,178.74906826019287,100.0,32346275840.0,12.1,76691509248
175,drop,179.7568962574005,77.875,32346275840.0,12.8,76693921792
176,drop,180.82773637771606,3.25,32346275840.0,12.3,76695662592
177,drop,181.83151125907898,0.0,32346275840.0,10.2,76694720512
178,drop,182.83946800231934,17.375,32346275840.0,10.2,76694200320
179,drop,183.8433074951172,81.875,32346275840.0,11.7,76697288704
180,drop,184.846999168396,71.875,32346275840.0,12.4,76696870912
181,drop,185.96487164497375,99.0,32346275840.0,12.3,76696866816
182,drop,186.96847891807556,93.75,32346275840.0,12.1,76696506368
183,drop,188.06806182861328,97.75,32346275840.0,12.0,76696305664
184,drop,189.07207942008972,73.625,32346275840.0,12.0,76696305664
185,drop,190.0939826965332,65.75,32346275840.0,12.3,76696563712
186,drop,191.10107040405273,0.0,32346275840.0,10.2,76696281088
187,drop,192.1049885749817,0.0,32346275840.0,10.3,76697296896
188,drop,193.10892844200134,96.875,32346275840.0,11.6,76696944640
189,drop,194.1200885772705,100.0,32346275840.0,12.2,76707491840
190,drop,195.15236258506775,91.125,32346275840.0,12.2,76699312128
191,drop,196.15738487243652,66.75,32346275840.0,12.1,76699303936
192,drop,197.19685816764832,72.25,32346275840.0,12.2,76699533312
193,drop,198.2302761077881,96.25,32346275840.0,12.1,76699213824
194,drop,199.2337999343872,73.0,32346275840.0,12.3,76698951680
195,drop,200.2828779220581,0.0,32346275840.0,10.8,76698382336
196,drop,201.28682851791382,0.0,32346275840.0,10.8,76698857472
197,drop,202.29070830345154,27.0,32346275840.0,10.6,76694843392
198,drop,203.29885029792786,78.25,32346275840.0,11.6,76695220224
199,drop,204.35240817070007,92.0,32346275840.0,12.3,76695212032
200,drop,205.47643280029297,92.875,32346275840.0,12.6,76684857344
201,drop,206.5023262500763,98.75,32346275840.0,11.9,76684599296
202,drop,207.50595211982727,100.0,32346275840.0,12.3,76685058048
203,drop,208.51789927482605,76.25,32346275840.0,12.0,76684541952
204,drop,209.57181072235107,9.875,32346275840.0,11.9,76686319616
205,drop,210.5757052898407,0.0,32346275840.0,10.9,76689375232
206,drop,211.5796239376068,0.0,32346275840.0,10.1,76688785408
207,drop,212.5834972858429,95.125,32346275840.0,11.3,76688158720
208,drop,213.58717679977417,75.0,32346275840.0,12.0,76688150528
209,drop,214.69232296943665,85.875,32346275840.0,12.0,76687892480
210,drop,215.72084283828735,98.0,32346275840.0,12.8,76684439552
211,drop,216.72451376914978,93.875,32346275840.0,12.1,76684365824
212,drop,217.7332410812378,91.0,32346275840.0,12.2,76684050432
213,drop,218.75892519950867,73.75,32346275840.0,12.4,76683436032
214,drop,219.79822659492493,0.0,32346275840.0,10.4,76683436032
215,drop,220.8018856048584,0.0,32346275840.0,10.1,76683382784
216,drop,221.80564999580383,98.25,32346275840.0,11.4,76683116544
217,drop,222.8126106262207,100.0,32346275840.0,11.8,76682940416
218,drop,223.87863397598267,87.0,32346275840.0,12.2,76682649600
219,drop,224.93532705307007,66.0,32346275840.0,12.5,76682403840
220,drop,226.0361557006836,87.5,32346275840.0,12.5,76680577024
221,drop,227.0441129207611,96.375,32346275840.0,12.2,76680683520
222,drop,228.06522130966187,71.375,32346275840.0,12.4,76680683520
223,drop,229.17783045768738,0.0,32346275840.0,10.7,76499902464
224,drop,230.1814455986023,29.125,32346275840.0,10.4,76498870272
225,drop,231.18529438972473,90.0,32346275840.0,12.2,76498579456
226,drop,232.29959273338318,71.625,32347062272.0,12.3,76498538496
227,drop,233.3110601902008,91.5,32347062272.0,12.4,76498202624
228,drop,234.38798260688782,100.0,32347062272.0,12.5,76497072128
229,drop,235.4323115348816,69.25,32347324416.0,12.4,76497526784
0,even_split,0.0,0.0,32482590720.0,12.3,77155434496
1,even_split,1.0038392543792725,0.0,32482590720.0,10.3,77165064192
2,even_split,2.0244107246398926,100.0,32482590720.0,11.1,77179961344
3,even_split,3.1063530445098877,76.25,32482590720.0,10.5,77171306496
4,even_split,4.1114819049835205,100.0,32482590720.0,11.0,77171867648
5,even_split,5.127111196517944,79.375,32482590720.0,10.9,77173673984
6,even_split,6.132036447525024,99.5,32482590720.0,10.8,77174640640
7,even_split,7.15839695930481,78.375,32482590720.0,11.0,77168394240
8,even_split,8.162772178649902,87.625,32482590720.0,10.7,77168152576
9,even_split,9.18262243270874,76.25,32482590720.0,11.5,77186977792
10,even_split,10.187551021575928,82.875,32482590720.0,10.7,77162954752
11,even_split,11.23439621925354,75.625,32482590720.0,11.1,77162582016
12,even_split,12.23925518989563,85.875,32482590720.0,11.0,77163098112
13,even_split,13.28403115272522,79.0,32485998592.0,11.6,77163577344
14,even_split,14.289050340652466,81.75,32485998592.0,10.8,77158268928
15,even_split,15.358100414276123,75.0,32485998592.0,12.0,77170888704
16,even_split,16.43011164665222,45.625,32485998592.0,11.5,77170536448
17,even_split,17.433951377868652,0.0,32485998592.0,10.5,77189484544
18,even_split,18.437893390655518,0.0,32485998592.0,10.6,77197651968
19,even_split,19.441821813583374,99.25,32485998592.0,11.2,77196550144
20,even_split,20.473524808883667,76.25,32485998592.0,11.0,77190565888
21,even_split,21.47768235206604,76.75,32485998592.0,10.9,77192036352
22,even_split,22.518465757369995,76.25,32485998592.0,11.3,77192912896
23,even_split,23.523301601409912,69.625,32485998592.0,10.7,77191782400
24,even_split,24.53223752975464,77.5,32485998592.0,11.3,77191548928
25,even_split,25.53720760345459,75.5,32485998592.0,10.5,77192839168
26,even_split,26.63794708251953,73.25,32485998592.0,11.8,77196554240
27,even_split,27.642568826675415,63.0,32485998592.0,10.5,77196546048
28,even_split,28.659347534179688,77.5,32485998592.0,11.4,77195771904
29,even_split,29.664249181747437,59.75,32485998592.0,11.2,77194997760
30,even_split,30.718711376190186,77.125,32486785024.0,11.8,77189025792
31,even_split,31.726869344711304,54.75,32486785024.0,10.7,77190946816
32,even_split,32.743547677993774,53.25,32486785024.0,11.7,77197217792
33,even_split,33.74760103225708,72.75,32486785024.0,11.8,77203615744
34,even_split,34.760005950927734,0.0,32486785024.0,10.3,77208231936
35,even_split,35.76514720916748,0.0,32486785024.0,10.1,77208748032
36,even_split,36.769065141677856,97.5,32486785024.0,11.3,77200228352
37,even_split,37.77778100967407,78.125,32486785024.0,10.3,77200146432
38,even_split,38.782708406448364,99.0,32486785024.0,11.3,77199372288
39,even_split,39.92465853691101,78.875,32486785024.0,10.3,77199114240
40,even_split,40.9342885017395,99.75,32486785024.0,11.7,77202464768
41,even_split,41.950605392456055,75.625,32486785024.0,10.5,77202001920
42,even_split,42.955751180648804,100.0,32486785024.0,11.1,77201469440
43,even_split,43.978527307510376,79.625,32486785024.0,10.5,77200433152
44,even_split,44.98868989944458,100.0,32486785024.0,11.3,77200433152
45,even_split,46.05408978462219,80.25,32486785024.0,10.6,77200171008
46,even_split,47.060706615448,100.0,32486785024.0,11.5,77199540224
47,even_split,48.127793312072754,78.125,32486785024.0,10.5,77199282176
48,even_split,49.13279318809509,74.875,32486785024.0,11.2,77200265216
49,even_split,50.18040442466736,83.75,32486785024.0,12.1,77207687168
50,even_split,51.262253522872925,0.0,32486785024.0,11.3,77207400448
51,even_split,52.266061782836914,0.0,32486785024.0,10.9,77208084480
52,even_split,53.26916861534119,38.625,32486785024.0,10.6,77220921344
53,even_split,54.31948161125183,77.5,32486785024.0,11.6,77230350336
54,even_split,55.32434296607971,68.875,32486785024.0,10.5,77229309952
55,even_split,56.32827138900757,71.875,32486785024.0,11.7,77230309376
56,even_split,57.333176612854004,79.0,32486785024.0,10.8,77233790976
57,even_split,58.33724904060364,55.375,32486785024.0,11.7,77233532928
58,even_split,59.342052936553955,82.5,32486785024.0,10.4,77233221632
59,even_split,60.34727931022644,49.5,32486785024.0,11.6,77233442816
60,even_split,61.35199213027954,76.875,32486785024.0,10.2,77233442816
61,even_split,62.355955600738525,47.75,32486785024.0,12.0,77231988736
62,even_split,63.361000537872314,75.375,32486785024.0,10.5,77230440448
63,even_split,64.36525988578796,49.75,32486785024.0,11.6,77229916160
64,even_split,65.37287187576294,76.375,32487047168.0,10.4,77229658112
65,even_split,66.3816545009613,55.875,32487047168.0,11.2,77231255552
66,even_split,67.38561749458313,64.75,32487047168.0,11.9,77234868224
67,even_split,68.39047241210938,0.0,32487047168.0,10.7,77237964800
68,even_split,69.39434909820557,0.0,32487047168.0,10.3,77238480896
69,even_split,70.39818096160889,88.75,32487047168.0,10.6,77236932608
70,even_split,71.40900659561157,74.25,32487047168.0,10.9,77236797440
71,even_split,72.41388201713562,53.625,32487047168.0,10.9,77234208768
72,even_split,73.4561173915863,76.875,32487047168.0,11.3,77234061312
73,even_split,74.46089029312134,54.625,32487047168.0,10.3,77233029120
74,even_split,75.53102016448975,79.25,32487047168.0,11.3,77232771072
75,even_split,76.54553055763245,57.0,32487047168.0,10.4,77232635904
76,even_split,77.55360841751099,76.75,32487047168.0,11.4,77232635904
77,even_split,78.55853366851807,65.625,32487047168.0,10.2,77232635904
78,even_split,79.56256532669067,71.625,32487047168.0,11.5,77232279552
79,even_split,80.56760120391846,74.25,32487047168.0,10.6,77232021504
80,even_split,81.57154536247253,68.25,32487571456.0,11.4,77231759360
81,even_split,82.57622408866882,71.875,32487571456.0,10.9,77243559936
82,even_split,83.58008456230164,80.5,32487571456.0,11.9,77230047232
83,even_split,84.5840859413147,73.375,32487571456.0,11.8,77234155520
84,even_split,85.65014791488647,0.0,32487571456.0,10.9,77237100544
85,even_split,86.65399742126465,0.0,32487571456.0,10.3,77236805632
86,even_split,87.65781116485596,99.75,32487571456.0,11.7,77240020992
87,even_split,88.76526927947998,78.625,32487571456.0,10.7,77240274944
88,even_split,89.76957774162292,92.5,32487571456.0,11.6,77246562304
89,even_split,90.7787139415741,77.75,32487571456.0,11.0,77246279680
90,even_split,91.78358483314514,88.0,32487571456.0,10.6,77245231104
91,even_split,92.84707880020142,80.875,32487571456.0,11.3,77244944384
92,even_split,93.85184168815613,75.5,32487571456.0,11.2,77239214080
93,even_split,94.89091873168945,75.375,32487571456.0,11.1,77237370880
94,even_split,95.89572954177856,77.5,32487571456.0,10.5,77237366784
95,even_split,96.91430282592773,77.375,32487571456.0,11.3,77237624832
96,even_split,97.91926288604736,83.125,32487571456.0,11.0,77236768768
97,even_split,98.97708249092102,80.75,32488095744.0,11.1,77237243904
98,even_split,99.98190426826477,83.125,32488095744.0,10.6,77236981760
99,even_split,100.98992443084717,78.25,32488095744.0,11.8,77237755904
100,even_split,102.00205492973328,59.125,32488095744.0,11.6,77242130432
101,even_split,103.00594139099121,0.0,32488095744.0,10.3,77242388480
102,even_split,104.00969696044922,0.0,32488095744.0,10.5,77245992960
103,even_split,105.01353192329407,60.0,32488095744.0,11.5,77246590976
104,even_split,106.01746153831482,77.875,32488095744.0,10.2,77246590976
105,even_split,107.02790403366089,93.875,32488095744.0,11.8,77245923328
106,even_split,108.03171181678772,76.875,32488095744.0,10.2,77245894656
107,even_split,109.03671979904175,95.25,32488095744.0,11.6,77246152704
108,even_split,110.08569550514221,75.25,32488095744.0,10.3,77245894656
109,even_split,111.0914535522461,86.375,32488095744.0,11.4,77245636608
110,even_split,112.15278911590576,77.625,32488095744.0,10.3,77245636608
111,even_split,113.1613028049469,98.125,32488095744.0,11.7,77245349888
112,even_split,114.18864822387695,83.0,32488095744.0,11.0,77261877248
113,even_split,115.19370460510254,97.5,32488095744.0,11.5,77240115200
114,even_split,116.2099118232727,75.0,32489144320.0,10.4,77240115200
115,even_split,117.21482968330383,83.75,32489144320.0,11.7,77243363328
116,even_split,118.25358080863953,75.375,32489144320.0,12.1,77251702784
117,even_split,119.33252215385437,0.0,32489144320.0,11.2,77257568256
118,even_split,120.34177541732788,0.0,32489144320.0,10.5,77254135808
119,even_split,121.34588980674744,0.0,32489144320.0,10.3,77254500352
120,even_split,122.35007643699646,49.375,32489144320.0,11.4,77256753152
121,even_split,123.36092686653137,76.0,32489144320.0,10.6,77258006528
122,even_split,124.3653244972229,69.75,32489144320.0,11.9,77262315520
123,even_split,125.37230610847473,78.125,32489144320.0,11.1,77263118336
124,even_split,126.379714012146,94.5,32489144320.0,11.3,77262860288
125,even_split,127.4137670993805,76.125,32489144320.0,10.3,77262290944
126,even_split,128.41986298561096,99.875,32489144320.0,11.5,77262032896
127,even_split,129.4308590888977,76.375,32489144320.0,10.3,77261516800
128,even_split,130.43602085113525,99.125,32489144320.0,11.3,77261516800
129,even_split,131.47798538208008,83.875,32489144320.0,10.6,77261258752
130,even_split,132.48292803764343,99.625,32489144320.0,11.4,77261516800
131,even_split,133.4914162158966,75.875,32489144320.0,10.5,77261205504
132,even_split,134.49641919136047,77.375,32489144320.0,11.1,77260685312
133,even_split,135.56327509880066,76.75,32489144320.0,12.4,77265653760
134,even_split,136.57713079452515,0.0,32489144320.0,11.1,77267955712
135,even_split,137.597097158432,0.0,32489144320.0,10.1,77267955712
136,even_split,138.60094714164734,62.0,32489144320.0,10.4,77269504000
137,even_split,139.63276481628418,76.75,32489144320.0,11.2,77269729280
138,even_split,140.63772702217102,52.625,32489144320.0,10.1,77269729280
139,even_split,141.6419231891632,73.875,32489144320.0,11.6,77269729280
140,even_split,142.64678192138672,71.25,32489144320.0,10.4,77269725184
141,even_split,143.6517584323883,68.875,32489144320.0,11.4,77269725184
142,even_split,144.6567451953888,80.75,32489144320.0,10.3,77269700608
143,even_split,145.66071438789368,62.25,32489144320.0,11.9,77286621184
144,even_split,146.6654553413391,83.5,32489144320.0,10.5,77262331904
145,even_split,147.66946816444397,57.625,32489144320.0,11.9,77270487040
146,even_split,148.67832040786743,80.5,32489144320.0,10.6,77271248896
147,even_split,149.68145060539246,58.625,32489144320.0,11.8,77270347776
148,even_split,150.6863980293274,83.25,32489144320.0,10.8,77270319104
149,even_split,151.69032096862793,72.375,32489144320.0,11.7,77268971520
150,even_split,152.76965618133545,67.5,32489144320.0,11.7,77269999616
151,even_split,153.81438159942627,0.0,32489144320.0,10.7,77270257664
152,even_split,154.81820034980774,0.0,32489144320.0,10.4,77267046400
153,even_split,155.82203888893127,100.0,32489144320.0,11.0,77268058112
154,even_split,156.83742761611938,77.5,32489144320.0,11.6,77270274048
155,even_split,157.8423342704773,96.375,32489144320.0,11.1,77269463040
156,even_split,158.89153289794922,79.625,32489144320.0,10.8,77269262336
157,even_split,159.8961319923401,93.375,32489144320.0,10.9,77268819968
158,even_split,160.90003561973572,79.875,32489144320.0,11.1,77268819968
159,even_split,161.90486001968384,80.75,32489144320.0,10.6,77268815872
160,even_split,162.91683769226074,76.875,32489144320.0,11.2,77268815872
161,even_split,163.9218029975891,79.0,32489144320.0,10.7,77268774912
162,even_split,164.96030116081238,75.0,32489144320.0,11.2,77268770816
163,even_split,165.96517753601074,88.875,32489144320.0,11.0,77267636224
164,even_split,166.9744997024536,79.375,32489406464.0,12.1,77263142912
165,even_split,167.9791350364685,81.25,32489406464.0,10.8,77262860288
166,even_split,168.99223232269287,77.0,32489406464.0,11.8,77264666624
167,even_split,170.0825071334839,51.375,32489406464.0,11.5,77265760256
168,even_split,171.08641362190247,0.0,32489406464.0,10.2,77266534400
169,even_split,172.09027695655823,0.0,32489406464.0,10.1,77267050496
170,even_split,173.0941367149353,62.125,32489406464.0,11.6,77266792448
171,even_split,174.0980417728424,78.625,32489406464.0,10.2,77267202048
172,even_split,175.1029806137085,87.0,32489406464.0,11.5,77267202048
173,even_split,176.11009550094604,79.75,32489406464.0,10.2,77267431424
174,even_split,177.11477279663086,90.125,32489406464.0,11.6,77267136512
175,even_split,178.16419386863708,75.5,32489406464.0,11.3,77264621568
176,even_split,179.16913032531738,90.125,32489406464.0,11.3,77264617472
177,even_split,180.23203039169312,80.375,32489406464.0,10.3,77264855040
178,even_split,181.23657488822937,94.125,32489406464.0,11.8,77266087936
179,even_split,182.2595727443695,81.375,32489406464.0,10.9,77263704064
180,even_split,183.2661623954773,95.875,32489406464.0,11.6,77262409728
181,even_split,184.27750897407532,77.125,32489668608.0,10.4,77262663680
182,even_split,185.2820258140564,82.5,32489668608.0,11.5,77263347712
183,even_split,186.31874179840088,80.5,32489668608.0,11.9,77264887808
184,even_split,187.33798551559448,0.0,32489668608.0,11.1,77265399808
185,even_split,188.34693455696106,0.0,32489668608.0,10.6,77263433728
186,even_split,189.3507490158081,46.75,32489668608.0,10.6,77263396864
187,even_split,190.40453481674194,77.375,32489668608.0,11.2,77263650816
188,even_split,191.40943789482117,55.75,32489668608.0,10.6,77263839232
189,even_split,192.4350597858429,80.0,32489668608.0,11.4,77263839232
190,even_split,193.43986701965332,53.0,32489668608.0,10.7,77264343040
191,even_split,194.44399404525757,75.75,32489668608.0,11.7,77264338944
192,even_split,195.44932651519775,67.875,32489668608.0,10.9,77266063360
193,even_split,196.4573163986206,70.875,32489668608.0,11.4,77266235392
194,even_split,197.46225380897522,74.0,32489668608.0,10.3,77265743872
195,even_split,198.46623706817627,67.625,32489668608.0,11.9,77290508288
196,even_split,199.4730257987976,72.875,32489668608.0,10.7,77260537856
197,even_split,200.47710537910461,72.875,32489930752.0,11.4,77260537856
198,even_split,201.4820737838745,74.375,32489930752.0,10.4,77260537856
199,even_split,202.4876048564911,84.75,32489930752.0,11.8,77260795904
200,even_split,203.53747081756592,81.75,32489930752.0,11.8,77261537280
201,even_split,204.59089493751526,0.0,32489930752.0,10.4,77261914112
202,even_split,205.59485363960266,0.0,32489930752.0,10.1,77262172160
203,even_split,206.59872794151306,58.125,32489930752.0,10.5,77262430208
204,even_split,207.61388421058655,77.5,32489930752.0,11.1,77263187968
205,even_split,208.618905544281,60.625,32489930752.0,10.8,77266145280
206,even_split,209.62290787696838,74.375,32489930752.0,12.0,77269323776
207,even_split,210.6280608177185,78.375,32489930752.0,10.5,77269323776
208,even_split,211.63211178779602,63.375,32489930752.0,11.6,77269323776
209,even_split,212.63702940940857,82.625,32489930752.0,10.3,77269065728
210,even_split,213.64104294776917,53.0,32489930752.0,11.6,77269008384
211,even_split,214.6461033821106,82.25,32489930752.0,10.4,77269467136
212,even_split,215.65010690689087,45.75,32489930752.0,11.9,77270429696
213,even_split,216.65505576133728,82.125,32489930752.0,10.7,77270310912
214,even_split,217.6590449810028,47.5,32489930752.0,11.4,77270028288
215,even_split,218.66417932510376,81.0,32489930752.0,10.3,77269729280
216,even_split,219.66826033592224,72.25,32489930752.0,12.1,77272825856
217,even_split,220.77330708503723,81.875,32489930752.0,11.8,77275250688
218,even_split,221.8560950756073,0.0,32489930752.0,10.5,77275246592
219,even_split,222.860036611557,0.0,32489930752.0,10.1,77275246592
220,even_split,223.86389803886414,99.5,32489930752.0,11.2,77275246592
221,even_split,224.87332844734192,77.25,32489930752.0,10.6,77275504640
222,even_split,225.87823915481567,100.0,32489930752.0,10.9,77275979776
223,even_split,226.90020775794983,77.0,32489930752.0,11.3,77275385856
224,even_split,227.90526151657104,97.125,32489930752.0,10.8,77275279360
225,even_split,228.91548681259155,79.75,32489930752.0,11.4,77275787264
226,even_split,229.92031240463257,92.5,32489930752.0,11.3,77306728448
227,even_split,230.93584179878235,76.0,32489930752.0,11.4,77274578944
228,even_split,231.94055914878845,87.375,32489930752.0,10.7,77274578944
229,even_split,232.9606716632843,75.75,32489930752.0,11.3,77274423296
230,even_split,233.96538972854614,92.0,32489930752.0,11.1,77274423296
231,even_split,234.97113180160522,79.5,32489930752.0,11.3,77274423296
232,even_split,235.97775721549988,74.5,32489930752.0,10.8,77274681344
233,even_split,237.01440501213074,81.125,32489930752.0,11.8,77275185152
234,even_split,238.03757071495056,54.625,32489930752.0,11.8,77276418048
235,even_split,239.04147958755493,0.0,32489930752.0,10.7,77281021952
236,even_split,240.0453646183014,0.0,32489930752.0,10.1,77281718272
237,even_split,241.04927039146423,59.75,32489930752.0,11.9,77283749888
238,even_split,242.0531792640686,78.5,32489930752.0,10.2,77283598336
239,even_split,243.05895590782166,68.375,32489930752.0,11.6,77283598336
240,even_split,244.08882308006287,78.375,32489930752.0,10.2,77283598336
241,even_split,245.09325647354126,84.75,32489930752.0,11.3,77284876288
242,even_split,246.12164521217346,75.875,32489930752.0,10.6,77285343232
243,even_split,247.12687420845032,97.375,32489930752.0,11.8,77283885056
244,even_split,248.20053577423096,80.625,32489930752.0,10.5,77284040704
245,even_split,249.20526599884033,91.75,32489930752.0,11.3,77283991552
246,even_split,250.2577681541443,80.5,32489930752.0,10.7,77283733504
247,even_split,251.26240849494934,88.75,32489930752.0,11.9,77285109760
248,even_split,252.275541305542,76.375,32489930752.0,10.6,77285367808
249,even_split,253.28040552139282,66.75,32489930752.0,11.4,77285367808
250,even_split,254.31512117385864,78.75,32489930752.0,11.8,77285621760
251,even_split,255.37282490730286,0.0,32489930752.0,10.9,77286387712
252,even_split,256.37697291374207,0.0,32489930752.0,10.1,77286109184
253,even_split,257.38071846961975,74.0,32489930752.0,10.6,77285851136
254,even_split,258.4166724681854,76.125,32489930752.0,10.8,77285851136
255,even_split,259.421493768692,58.5,32489930752.0,10.6,77285580800
256,even_split,260.444944858551,77.0,32489930752.0,11.4,77285781504
257,even_split,261.4498300552368,70.125,32489930752.0,10.9,77281124352
258,even_split,262.52749371528625,75.875,32489930752.0,11.6,77281529856
259,even_split,263.53784561157227,55.25,32489930752.0,10.7,77281517568
260,even_split,264.58517718315125,74.625,32489930752.0,11.6,77281509376
261,even_split,265.5902326107025,55.25,32489930752.0,10.8,77281447936
262,even_split,266.65192341804504,79.375,32489930752.0,11.5,77281447936
263,even_split,267.6568236351013,65.5,32489930752.0,11.0,77281964032
264,even_split,268.6699345111847,77.625,32490455040.0,11.8,77283663872
265,even_split,269.67453598976135,61.5,32490455040.0,10.7,77284786176
266,even_split,270.72276067733765,71.25,32490455040.0,12.1,77285031936
267,even_split,271.80677461624146,55.0,32490455040.0,11.9,77289668608
268,even_split,272.8225553035736,0.0,32490455040.0,10.5,77283045376
269,even_split,273.8264081478119,0.0,32490455040.0,10.1,77283041280
270,even_split,274.83108854293823,74.25,32490455040.0,11.4,77283041280
271,even_split,275.834997177124,79.25,32490455040.0,10.2,77283041280
272,even_split,276.8454568386078,96.875,32490455040.0,11.5,77283041280
273,even_split,277.87447810173035,75.75,32490455040.0,10.7,77284167680
274,even_split,278.8786292076111,97.875,32490455040.0,11.5,77284315136
275,even_split,279.95760130882263,75.625,32490455040.0,10.6,77284757504
276,even_split,280.96272563934326,96.875,32490455040.0,11.3,77284749312
277,even_split,282.0126905441284,79.25,32490455040.0,10.4,77284749312
278,even_split,283.0179398059845,97.625,32490455040.0,11.8,77279055872
279,even_split,284.02749395370483,82.375,32490455040.0,10.7,77279285248
280,even_split,285.0319764614105,81.125,32490455040.0,11.4,77279543296
281,even_split,286.0626811981201,74.375,32490455040.0,10.4,77279801344
282,even_split,287.0713334083557,74.25,32490455040.0,11.3,77279543296
283,even_split,288.0809063911438,82.625,32490455040.0,11.6,77279801344
284,even_split,289.1281678676605,0.0,32490455040.0,10.9,77281079296
285,even_split,290.1319715976715,0.0,32490455040.0,10.2,77281079296
286,even_split,291.1358833312988,74.125,32490455040.0,10.6,77281079296
287,even_split,292.1991181373596,74.75,32490455040.0,11.0,77281062912
288,even_split,293.2040708065033,50.875,32490455040.0,11.2,77284728832
289,even_split,294.2080428600311,79.375,32490455040.0,11.5,77284728832
290,even_split,295.21339082717896,65.5,32490455040.0,10.3,77284687872
291,even_split,296.21732807159424,72.125,32490455040.0,11.6,77284683776
292,even_split,297.2225549221039,76.875,32490455040.0,10.6,77284622336
293,even_split,298.2275974750519,59.375,32490455040.0,11.6,77284851712
294,even_split,299.2326035499573,83.875,32490455040.0,11.1,77287002112
295,even_split,300.23673152923584,50.75,32490455040.0,11.7,77286940672
296,even_split,301.24166202545166,82.125,32490455040.0,11.1,77289361408
297,even_split,302.24577498435974,49.125,32490455040.0,11.4,77289361408
298,even_split,303.25079917907715,83.875,32490455040.0,10.6,77299167232
299,even_split,304.25474548339844,73.375,32490455040.0,11.9,77292044288
300,even_split,305.34655117988586,80.875,32490455040.0,11.7,77292560384
301,even_split,306.4220600128174,0.0,32490455040.0,10.6,77294108672
302,even_split,307.42586970329285,0.0,32490455040.0,10.2,77295390720
303,even_split,308.42980003356934,56.625,32490455040.0,10.5,77295382528
304,even_split,309.43667435646057,75.625,32490455040.0,11.4,77295521792
305,even_split,310.44152188301086,56.125,32490455040.0,10.5,77297008640
306,even_split,311.44579434394836,74.0,32490455040.0,11.6,77297958912
307,even_split,312.450767993927,72.75,32490455040.0,10.2,77298155520
308,even_split,313.4547281265259,69.75,32490455040.0,11.6,77298155520
309,even_split,314.46004462242126,80.125,32490455040.0,10.8,77291663360
310,even_split,315.4639801979065,62.125,32490455040.0,11.5,77291921408
311,even_split,316.46885108947754,79.625,32490455040.0,10.4,77291900928
312,even_split,317.4728379249573,54.125,32490455040.0,11.5,77291642880
313,even_split,318.4816327095032,78.125,32490455040.0,10.6,77291606016
314,even_split,319.4855320453644,63.0,32490455040.0,11.5,77291601920
315,even_split,320.4907603263855,78.375,32490455040.0,10.4,77291573248
316,even_split,321.49476885795593,75.375,32490455040.0,11.6,77291831296
317,even_split,322.53635907173157,87.5,32490455040.0,11.9,77293084672
318,even_split,323.5666756629944,0.0,32490455040.0,10.5,77293801472
319,even_split,324.57152104377747,0.0,32490455040.0,10.5,77289840640
320,even_split,325.57543897628784,98.625,32490455040.0,11.1,77289545728
321,even_split,326.63115525245667,78.25,32490455040.0,10.4,77289545728
322,even_split,327.6364026069641,100.0,32490455040.0,11.0,77289803776
323,even_split,328.6557981967926,77.5,32490455040.0,10.7,77290651648
324,even_split,329.66081619262695,100.0,32490455040.0,11.4,77292797952
325,even_split,330.67193269729614,81.75,32490455040.0,11.2,77293228032
326,even_split,331.67660880088806,98.875,32490455040.0,11.1,77293228032
327,even_split,332.69527769088745,73.125,32490455040.0,11.5,77293215744
328,even_split,333.70031452178955,95.75,32490455040.0,10.9,77293060096
329,even_split,334.7068498134613,75.0,32490455040.0,11.5,77298688000
330,even_split,335.71074509620667,97.5,32490455040.0,11.7,77305724928
331,even_split,336.7166883945465,78.125,32490455040.0,11.4,77290774528
332,even_split,337.7216341495514,81.75,32490455040.0,10.8,77291028480
333,even_split,338.75043416023254,78.25,32490455040.0,11.8,77289435136
334,even_split,339.84135913848877,46.125,32490455040.0,11.4,77290373120
335,even_split,340.8452003002167,0.0,32490455040.0,10.3,77290352640
336,even_split,341.8503086566925,0.0,32490455040.0,10.2,77290868736
337,even_split,342.8536603450775,46.875,32490455040.0,11.7,77293076480
338,even_split,343.8574843406677,76.375,32490455040.0,10.4,77292531712
339,even_split,344.86222219467163,71.0,32490455040.0,11.6,77292482560
340,even_split,345.8756492137909,78.0,32490455040.0,10.7,77281636352
341,even_split,346.8801066875458,88.125,32490455040.0,11.5,77281607680
342,even_split,347.9127621650696,74.125,32490455040.0,10.3,77281607680
343,even_split,348.91750621795654,90.875,32490455040.0,11.4,77281349632
344,even_split,349.95727920532227,79.875,32490455040.0,10.3,77281349632
345,even_split,350.96882009506226,91.625,32490455040.0,11.5,77281284096
346,even_split,351.9825282096863,83.625,32490455040.0,10.7,77281255424
347,even_split,352.9870820045471,85.0,32490455040.0,11.5,77281513472
348,even_split,353.9909589290619,76.375,32490455040.0,10.4,77281972224
349,even_split,354.99562525749207,73.625,32490455040.0,11.4,77281972224
350,even_split,356.0020697116852,85.25,32490455040.0,12.1,77285584896
351,even_split,357.01012897491455,0.0,32490455040.0,10.9,77286416384
352,even_split,358.0319595336914,0.0,32490455040.0,10.1,77286416384
353,even_split,359.03568482398987,73.125,32490455040.0,10.7,77286137856
354,even_split,360.1464579105377,75.875,32490455040.0,11.2,77291421696
355,even_split,361.15189361572266,66.375,32490455040.0,10.7,77291667456
356,even_split,362.1892294883728,78.125,32490455040.0,11.2,77291663360
357,even_split,363.19470858573914,61.75,32490455040.0,10.4,77291388928
358,even_split,364.2095956802368,76.125,32490455040.0,11.3,77291388928
359,even_split,365.21446347236633,71.0,32490455040.0,10.5,77291130880
360,even_split,366.27714228630066,77.25,32490455040.0,11.6,77298524160
361,even_split,367.28209161758423,73.0,32490455040.0,11.0,77283024896
362,even_split,368.3431832790375,76.5,32490455040.0,11.4,77282963456
363,even_split,369.34809041023254,88.875,32490455040.0,11.2,77282668544
364,even_split,370.3553378582001,78.125,32490455040.0,11.5,77282627584
365,even_split,371.36042523384094,77.875,32490455040.0,11.0,77284597760
366,even_split,372.37750005722046,74.875,32490455040.0,11.7,77284847616
367,even_split,373.4701511859894,55.875,32490455040.0,11.6,77286387712
368,even_split,374.47356271743774,0.0,32490455040.0,10.4,77286404096
369,even_split,375.48237442970276,0.0,32490455040.0,10.4,77285564416
370,even_split,376.48642897605896,77.875,32490455040.0,11.6,77285785600
371,even_split,377.4905307292938,78.875,32490455040.0,10.7,77287436288
372,even_split,378.49537420272827,98.375,32490455040.0,11.5,77287419904
373,even_split,379.5139708518982,77.25,32490455040.0,10.3,77287399424
374,even_split,380.51907539367676,99.25,32490455040.0,11.2,77287362560
375,even_split,381.58228754997253,78.0,32490455040.0,10.4,77287358464
376,even_split,382.58735609054565,99.0,32490455040.0,11.5,77287616512
377,even_split,383.631459236145,80.125,32490455040.0,10.5,77288075264
378,even_split,384.63651847839355,99.875,32490455040.0,11.3,77288075264
379,even_split,385.64052629470825,82.5,32490455040.0,10.7,77288075264
380,even_split,386.6589186191559,97.375,32490455040.0,11.4,77288333312
381,even_split,387.66416215896606,76.875,32490455040.0,11.0,77282656256
382,even_split,388.6693317890167,83.0,32490455040.0,11.2,77283119104
383,even_split,389.67335963249207,69.25,32490455040.0,12.2,77288202240
384,even_split,390.6782581806183,0.0,32490455040.0,11.3,77290418176
385,even_split,391.69222354888916,0.0,32490455040.0,10.6,77290668032
386,even_split,392.69606471061707,10.625,32490455040.0,10.2,77290668032
387,even_split,393.7099018096924,77.875,32490455040.0,11.3,77290663936
388,even_split,394.7147629261017,78.75,32490455040.0,10.3,77290663936
389,even_split,395.71875190734863,62.375,32490455040.0,11.7,77290659840
390,even_split,396.72386169433594,82.125,32490455040.0,10.1,77290659840
391,even_split,397.7287664413452,50.625,32490455040.0,11.6,77299691520
392,even_split,398.73367619514465,77.625,32490455040.0,10.7,77293318144
393,even_split,399.7388792037964,44.375,32490455040.0,11.5,77293309952
394,even_split,400.7427418231964,82.125,32490455040.0,10.2,77293309952
395,even_split,401.7469027042389,46.75,32490455040.0,12.1,77300162560
396,even_split,402.752947807312,80.375,32490455040.0,10.7,77300133888
397,even_split,403.75762128829956,46.875,32490455040.0,11.6,77300576256
398,even_split,404.7692971229553,80.25,32490455040.0,10.6,77300563968
399,even_split,405.7766170501709,50.875,32490455040.0,11.6,77302296576
400,even_split,406.78226470947266,59.125,32490455040.0,12.2,77301882880
401,even_split,407.8014249801636,0.375,32490455040.0,11.1,77138710528
402,even_split,408.80578231811523,0.0,32490455040.0,10.6,77132853248
403,even_split,409.80966901779175,96.875,32490455040.0,11.1,77131534336
404,even_split,410.8297998905182,76.0,32490455040.0,10.2,77131448320
405,even_split,411.83496379852295,83.5,32490455040.0,11.1,77131440128
406,even_split,412.83888840675354,75.875,32490455040.0,10.4,77131427840
407,even_split,413.8434360027313,46.375,32490455040.0,11.2,77131677696
408,even_split,414.8472898006439,77.0,32490455040.0,10.1,77131907072
409,even_split,415.8513991832733,61.625,32490455040.0,11.2,77131964416
410,even_split,416.8561522960663,76.625,32490455040.0,10.1,77131964416
411,even_split,417.8601109981537,76.25,32490455040.0,11.3,77131964416
412,even_split,418.86502981185913,66.125,32490455040.0,11.2,77150543872
413,even_split,419.95272278785706,77.25,32494911488.0,11.3,77128835072
414,even_split,420.9576051235199,61.5,32494911488.0,10.8,77128671232
415,even_split,421.96145963668823,64.375,32494911488.0,11.9,77129383936
